Date,Open,High,Low,Close,Volume,Dividends,Stock Splits
2020-01-02 00:00:00-05:00,432.0,435.0,403.0,405.0,2407,0.0,0.0
2020-01-03 00:00:00-05:00,406.0,410.0,382.0,389.0,4257,0.0,0.0
2020-01-06 00:00:00-05:00,390.0,451.0,387.0,435.0,4999,0.0,0.0
2020-01-07 00:00:00-05:00,432.0,432.0,409.0,412.0,2798,0.0,0.0
2020-01-08 00:00:00-05:00,398.0,416.0,389.0,390.0,3877,0.0,0.0
2020-01-09 00:00:00-05:00,390.0,394.0,381.5,383.0,2368,0.0,0.0
2020-01-10 00:00:00-05:00,383.0,384.0,369.0,372.0,2266,0.0,0.0
2020-01-13 00:00:00-05:00,373.0,384.0,362.0,372.0,2493,0.0,0.0
2020-01-14 00:00:00-05:00,370.0,385.0,366.0,376.0,2287,0.0,0.0
2020-01-15 00:00:00-05:00,376.0,388.0,368.0,373.0,2536,0.0,0.0
2020-01-16 00:00:00-05:00,376.0,403.5,376.0,391.0,4620,0.0,0.0
2020-01-17 00:00:00-05:00,401.0,403.0,386.0,392.0,2245,0.0,0.0
2020-01-21 00:00:00-05:00,396.0,396.0,382.0,386.0,2137,0.0,0.0
2020-01-22 00:00:00-05:00,384.0,401.0,378.0,378.0,3489,0.0,0.0
2020-01-23 00:00:00-05:00,379.0,391.0,360.0,385.0,3687,0.0,0.0
2020-01-24 00:00:00-05:00,386.0,386.0,365.0,369.0,3155,0.0,0.0
2020-01-27 00:00:00-05:00,361.0,368.0,350.0,358.0,4040,0.0,0.0
2020-01-28 00:00:00-05:00,361.0,367.0,356.0,358.0,1366,0.0,0.0
2020-01-29 00:00:00-05:00,358.0,359.20001220703125,328.0,328.0,4412,0.0,0.0
2020-01-30 00:00:00-05:00,326.0,342.79998779296875,307.0,339.0,4902,0.0,0.0
2020-01-31 00:00:00-05:00,339.0,359.0,336.0,344.0,4210,0.0,0.0
2020-02-03 00:00:00-05:00,344.0,349.0,333.0,335.0,2713,0.0,0.0
2020-02-04 00:00:00-05:00,342.0,345.0,326.0,329.0,2245,0.0,0.0
2020-02-05 00:00:00-05:00,331.0,345.0,328.0,343.0,2515,0.0,0.0
2020-02-06 00:00:00-05:00,343.0,397.0,339.0,359.0,5603,0.0,0.0
2020-02-07 00:00:00-05:00,358.0,358.0,330.0,339.0,2671,0.0,0.0
2020-02-10 00:00:00-05:00,343.0,400.0,336.0,373.0,9473,0.0,0.0
2020-02-11 00:00:00-05:00,379.0,405.0,368.0,394.0,6295,0.0,0.0
2020-02-12 00:00:00-05:00,395.0,399.0,358.0,363.0,5690,0.0,0.0
2020-02-13 00:00:00-05:00,364.0,373.0,353.0,371.0,2569,0.0,0.0
2020-02-14 00:00:00-05:00,372.0,379.0,368.6000061035156,379.0,2249,0.0,0.0
2020-02-18 00:00:00-05:00,376.0,378.5,356.0,375.0,3545,0.0,0.0
2020-02-19 00:00:00-05:00,375.0,382.0,366.0,377.0,1770,0.0,0.0
2020-02-20 00:00:00-05:00,375.0,388.0,372.0,385.0,1801,0.0,0.0
2020-02-21 00:00:00-05:00,385.0,385.0,360.0,368.0,4016,0.0,0.0
2020-02-24 00:00:00-05:00,356.0,382.0,351.0,376.0,5718,0.0,0.0
2020-02-25 00:00:00-05:00,375.0,383.0,372.0,374.0,5069,0.0,0.0
2020-02-26 00:00:00-05:00,375.0,379.0,346.0,350.0,4259,0.0,0.0
2020-02-27 00:00:00-05:00,338.0,353.0,322.0,329.0,4016,0.0,0.0
2020-02-28 00:00:00-05:00,324.0,400.0,321.0,331.0,9904,0.0,0.0
2020-03-02 00:00:00-05:00,331.0,339.0,305.0,339.0,7757,0.0,0.0
2020-03-03 00:00:00-05:00,305.0,339.0,305.0,315.0,4846,0.0,0.0
2020-03-04 00:00:00-05:00,316.0,368.0,315.5,367.0,4211,0.0,0.0
2020-03-05 00:00:00-05:00,353.0,381.0,352.0,367.0,3981,0.0,0.0
2020-03-06 00:00:00-05:00,353.0,364.0,329.0,336.0,4340,0.0,0.0
2020-03-09 00:00:00-04:00,323.0,324.0,300.0,301.0,3506,0.0,0.0
2020-03-10 00:00:00-04:00,311.0,320.8999938964844,307.0,315.0,4499,0.0,0.0
2020-03-11 00:00:00-04:00,308.0,308.0,274.0,276.0,4516,0.0,0.0
2020-03-12 00:00:00-04:00,260.0,266.0,250.0,251.0,3461,0.0,0.0
2020-03-13 00:00:00-04:00,250.0,259.0,221.0,230.0,4323,0.0,0.0
2020-03-16 00:00:00-04:00,216.0,220.0,159.5,162.0,6427,0.0,0.0
2020-03-17 00:00:00-04:00,173.0,182.5,150.0,179.0,6128,0.0,0.0
2020-03-18 00:00:00-04:00,170.0,179.0,150.0,152.0,4009,0.0,0.0
2020-03-19 00:00:00-04:00,152.0,161.0,149.0,155.0,4975,0.0,0.0
2020-03-20 00:00:00-04:00,156.0,165.39999389648438,138.0,139.0,17419,0.0,0.0
2020-03-23 00:00:00-04:00,143.0,159.0,136.5,155.0,3636,0.0,0.0
2020-03-24 00:00:00-04:00,170.0,175.0,159.0,162.0,3588,0.0,0.0
2020-03-25 00:00:00-04:00,164.0,170.0,151.0,153.0,4888,0.0,0.0
2020-03-26 00:00:00-04:00,161.0,173.0,153.0,173.0,4414,0.0,0.0
2020-03-27 00:00:00-04:00,170.0,170.0,152.0,153.0,2138,0.0,0.0
2020-03-30 00:00:00-04:00,156.0,158.10000610351562,138.0,138.0,3188,0.0,0.0
2020-03-31 00:00:00-04:00,146.0,155.0,134.0,136.0,4542,0.0,0.0
2020-04-01 00:00:00-04:00,131.0,139.0,121.0,122.0,3836,0.0,0.0
2020-04-02 00:00:00-04:00,124.0,132.0,119.0,121.0,5958,0.0,0.0
2020-04-03 00:00:00-04:00,119.0,123.0,111.0,115.0,5445,0.0,0.0
2020-04-06 00:00:00-04:00,122.0,154.0,121.0,152.0,8692,0.0,0.0
2020-04-07 00:00:00-04:00,155.0,191.0,150.0,155.0,11694,0.0,0.0
2020-04-08 00:00:00-04:00,159.0,176.5,152.0,157.0,8523,0.0,0.0
2020-04-09 00:00:00-04:00,165.0,276.0,165.0,221.0,21693,0.0,0.0
2020-04-13 00:00:00-04:00,225.0,232.0,198.0,211.0,5483,0.0,0.0
2020-04-14 00:00:00-04:00,217.0,223.0,207.0,212.0,4085,0.0,0.0
2020-04-15 00:00:00-04:00,207.0,210.0,183.5,187.0,4386,0.0,0.0
2020-04-16 00:00:00-04:00,192.0,201.0,187.6999969482422,201.0,7810,0.0,0.0
2020-04-17 00:00:00-04:00,205.0,210.0,188.0,191.0,3421,0.0,0.0
2020-04-20 00:00:00-04:00,195.0,198.0,187.0,191.0,2967,0.0,0.0
2020-04-21 00:00:00-04:00,188.0,188.0,171.0,176.0,2987,0.0,0.0
2020-04-22 00:00:00-04:00,179.0,190.0,178.5,185.0,1984,0.0,0.0
2020-04-23 00:00:00-04:00,187.0,188.0,168.5,172.0,2097,0.0,0.0
2020-04-24 00:00:00-04:00,175.0,177.89999389648438,158.0,167.0,3208,0.0,0.0
2020-04-27 00:00:00-04:00,169.0,176.0,159.5,166.0,4756,0.0,0.0
2020-04-28 00:00:00-04:00,173.0,178.5,165.0,174.0,4302,0.0,0.0
2020-04-29 00:00:00-04:00,182.0,198.0,177.0,195.0,5188,0.0,0.0
2020-04-30 00:00:00-04:00,190.0,190.0,173.0,179.0,2906,0.0,0.0
2020-05-01 00:00:00-04:00,172.0,177.39999389648438,165.0,169.0,2475,0.0,0.0
2020-05-04 00:00:00-04:00,168.0,169.0,159.0,165.0,2071,0.0,0.0
2020-05-05 00:00:00-04:00,171.0,182.0,156.0,160.0,2804,0.0,0.0
2020-05-06 00:00:00-04:00,160.0,165.3000030517578,152.0,156.0,3537,0.0,0.0
2020-05-07 00:00:00-04:00,150.0,159.0,150.0,152.0,2901,0.0,0.0
2020-05-08 00:00:00-04:00,158.0,162.0,151.0,161.0,2649,0.0,0.0
2020-05-11 00:00:00-04:00,162.0,163.0,151.0,154.0,4161,0.0,0.0
2020-05-12 00:00:00-04:00,154.0,155.5,143.0,150.0,5215,0.0,0.0
2020-05-13 00:00:00-04:00,149.0,150.0,131.0,132.0,4046,0.0,0.0
2020-05-14 00:00:00-04:00,135.0,135.0,127.0,128.0,5165,0.0,0.0
2020-05-15 00:00:00-04:00,129.0,136.0,125.0,133.0,6136,0.0,0.0
2020-05-18 00:00:00-04:00,141.0,148.0,132.0,138.0,6051,0.0,0.0
2020-05-19 00:00:00-04:00,135.0,138.0,129.0,130.0,4971,0.0,0.0
2020-05-20 00:00:00-04:00,135.0,135.0,125.0,129.0,5332,0.0,0.0
2020-05-21 00:00:00-04:00,130.0,134.0,126.0,128.0,2687,0.0,0.0
2020-05-22 00:00:00-04:00,130.0,131.0,125.0,129.0,4182,0.0,0.0
2020-05-26 00:00:00-04:00,133.0,155.0,132.5,150.0,13192,0.0,0.0
2020-05-27 00:00:00-04:00,163.0,186.0,160.0,180.0,16076,0.0,0.0
2020-05-28 00:00:00-04:00,190.0,193.0,162.0,165.0,7131,0.0,0.0
2020-05-29 00:00:00-04:00,166.0,166.1999969482422,150.0,155.0,4701,0.0,0.0
2020-06-01 00:00:00-04:00,157.0,163.0,145.0,145.0,6876,0.0,0.0
2020-06-02 00:00:00-04:00,151.0,153.0,136.0,141.0,12109,0.0,0.0
2020-06-03 00:00:00-04:00,147.0,155.0,142.0,149.0,10430,0.0,0.0
2020-06-04 00:00:00-04:00,148.0,157.1999969482422,139.0,152.0,15161,0.0,0.0
2020-06-05 00:00:00-04:00,158.0,212.0,157.0,184.0,19779,0.0,0.0
2020-06-08 00:00:00-04:00,202.0,208.0,184.0,197.0,14656,0.0,0.0
2020-06-09 00:00:00-04:00,187.0,196.0,176.0,193.0,6591,0.0,0.0
2020-06-10 00:00:00-04:00,193.0,193.89999389648438,174.0,181.0,5264,0.0,0.0
2020-06-11 00:00:00-04:00,168.0,173.0,162.0,171.0,8466,0.0,0.0
2020-06-12 00:00:00-04:00,176.0,194.0,164.0,168.0,6701,0.0,0.0
2020-06-15 00:00:00-04:00,160.0,174.0,150.0,167.0,5577,0.0,0.0
2020-06-16 00:00:00-04:00,180.0,181.5,165.0,165.0,4769,0.0,0.0
2020-06-17 00:00:00-04:00,164.0,168.0,152.0,160.0,8213,0.0,0.0
2020-06-18 00:00:00-04:00,163.0,166.0,154.0,157.0,3693,0.0,0.0
2020-06-19 00:00:00-04:00,161.0,170.0,159.0,170.0,10897,0.0,0.0
2020-06-22 00:00:00-04:00,173.0,174.0,154.5,162.0,8090,0.0,0.0
2020-06-23 00:00:00-04:00,168.0,169.0,156.0,169.0,7441,0.0,0.0
2020-06-24 00:00:00-04:00,163.0,163.0,152.0,162.0,8224,0.0,0.0
2020-06-25 00:00:00-04:00,153.0,158.0,152.0,157.0,9339,0.0,0.0
2020-06-26 00:00:00-04:00,156.0,156.5,140.0,145.0,45708,0.0,0.0
2020-06-29 00:00:00-04:00,148.0,164.0,145.0,158.0,9736,0.0,0.0
2020-06-30 00:00:00-04:00,172.0,172.0,154.0,160.0,5462,0.0,0.0
2020-07-01 00:00:00-04:00,156.0,173.0,156.0,173.0,4662,0.0,0.0
2020-07-02 00:00:00-04:00,173.0,196.5,171.0,191.0,18070,0.0,0.0
2020-07-06 00:00:00-04:00,193.0,194.6999969482422,171.0,179.0,6236,0.0,0.0
2020-07-07 00:00:00-04:00,179.0,184.0,171.0,176.0,3874,0.0,0.0
2020-07-08 00:00:00-04:00,175.0,192.5,174.0,185.0,6390,0.0,0.0
2020-07-09 00:00:00-04:00,189.0,189.0,180.0,187.0,5889,0.0,0.0
2020-07-10 00:00:00-04:00,189.0,272.0,187.0,243.0,24580,0.0,0.0
2020-07-13 00:00:00-04:00,250.0,250.0,199.5,203.0,15716,0.0,0.0
2020-07-14 00:00:00-04:00,205.0,205.0,175.0,180.0,10365,0.0,0.0
2020-07-15 00:00:00-04:00,191.0,246.0,189.0,229.0,22654,0.0,0.0
2020-07-16 00:00:00-04:00,226.0,227.0,206.0,220.0,12213,0.0,0.0
2020-07-17 00:00:00-04:00,268.0,283.0,246.0,251.0,32304,0.0,0.0
2020-07-20 00:00:00-04:00,247.0,247.0,213.5,219.0,16805,0.0,0.0
2020-07-21 00:00:00-04:00,221.0,222.0,201.0,217.0,13560,0.0,0.0
2020-07-22 00:00:00-04:00,211.0,218.0,209.0,215.0,4338,0.0,0.0
2020-07-23 00:00:00-04:00,207.0,222.0,207.0,216.0,6379,0.0,0.0
2020-07-24 00:00:00-04:00,212.0,214.5,205.0,211.0,3686,0.0,0.0
2020-07-27 00:00:00-04:00,210.0,211.0,198.0,201.0,4425,0.0,0.0
2020-07-28 00:00:00-04:00,198.0,202.0,191.5,193.0,4597,0.0,0.0
2020-07-29 00:00:00-04:00,194.0,212.5,191.0,208.0,5175,0.0,0.0
2020-07-30 00:00:00-04:00,204.0,208.0,196.0,203.0,3297,0.0,0.0
2020-07-31 00:00:00-04:00,201.0,212.0,193.0,212.0,7404,0.0,0.0
2020-08-03 00:00:00-04:00,212.0,214.0,195.0,200.0,4178,0.0,0.0
2020-08-04 00:00:00-04:00,200.0,220.0,198.89999389648438,211.0,7392,0.0,0.0
2020-08-05 00:00:00-04:00,215.0,229.5,210.0,225.0,9677,0.0,0.0
2020-08-06 00:00:00-04:00,225.0,225.0,206.0,217.0,5385,0.0,0.0
2020-08-07 00:00:00-04:00,214.0,229.0,214.0,224.0,2417,0.0,0.0
2020-08-10 00:00:00-04:00,225.0,237.0,221.0,224.0,4514,0.0,0.0
2020-08-11 00:00:00-04:00,232.0,239.0,225.0,232.0,4537,0.0,0.0
2020-08-12 00:00:00-04:00,234.0,239.0,218.0,230.0,4107,0.0,0.0
2020-08-13 00:00:00-04:00,228.0,233.0,225.0,230.0,2031,0.0,0.0
2020-08-14 00:00:00-04:00,226.0,240.0,226.0,236.0,3556,0.0,0.0
2020-08-17 00:00:00-04:00,236.0,236.0,226.0,233.0,2908,0.0,0.0
2020-08-18 00:00:00-04:00,230.0,235.0,221.0,229.0,4017,0.0,0.0
2020-08-19 00:00:00-04:00,224.0,233.0,221.0,228.0,2998,0.0,0.0
2020-08-20 00:00:00-04:00,224.0,235.0,224.0,231.0,3483,0.0,0.0
2020-08-21 00:00:00-04:00,229.0,232.39999389648438,218.0,227.0,5526,0.0,0.0
2020-08-24 00:00:00-04:00,222.0,237.0,219.0,236.0,6125,0.0,0.0
2020-08-25 00:00:00-04:00,236.0,247.0,228.0,232.0,4988,0.0,0.0
2020-08-26 00:00:00-04:00,236.0,245.0,231.0,233.0,3401,0.0,0.0
2020-08-27 00:00:00-04:00,235.0,241.0,233.10000610351562,238.0,1695,0.0,0.0
2020-08-28 00:00:00-04:00,235.0,245.0,231.0,241.0,4320,0.0,0.0
2020-08-31 00:00:00-04:00,241.0,245.0,228.0,228.0,5884,0.0,0.0
2020-09-01 00:00:00-04:00,228.0,236.0,221.0,232.0,2937,0.0,0.0
2020-09-02 00:00:00-04:00,229.0,235.0,219.0,231.0,4855,0.0,0.0
2020-09-03 00:00:00-04:00,199.0,227.0,196.0,226.0,8000,0.0,0.0
2020-09-04 00:00:00-04:00,232.0,270.0,228.0,245.0,13753,0.0,0.0
2020-09-08 00:00:00-04:00,245.0,280.0,241.0,266.0,9230,0.0,0.0
2020-09-09 00:00:00-04:00,271.0,276.0,264.0,273.0,4194,0.0,0.0
2020-09-10 00:00:00-04:00,270.0,274.0,261.0,261.0,7485,0.0,0.0
2020-09-11 00:00:00-04:00,260.0,260.0,244.0,257.0,4692,0.0,0.0
2020-09-14 00:00:00-04:00,257.0,260.5,235.0,238.0,6049,0.0,0.0
2020-09-15 00:00:00-04:00,238.0,238.0,223.0,228.0,5359,0.0,0.0
2020-09-16 00:00:00-04:00,228.0,231.0,218.0,228.0,4513,0.0,0.0
2020-09-17 00:00:00-04:00,227.0,227.5,213.0,225.0,4616,0.0,0.0
2020-09-18 00:00:00-04:00,224.0,225.0,207.5,219.0,21495,0.0,0.0
2020-09-21 00:00:00-04:00,217.0,250.0,206.5,240.0,7965,0.0,0.0
2020-09-22 00:00:00-04:00,238.0,249.0,232.0,246.0,3659,0.0,0.0
2020-09-23 00:00:00-04:00,247.0,270.0,245.0,247.0,4197,0.0,0.0
2020-09-24 00:00:00-04:00,244.0,253.0,234.0,235.0,2219,0.0,0.0
2020-09-25 00:00:00-04:00,235.0,249.0,233.0,246.0,1634,0.0,0.0
2020-09-28 00:00:00-04:00,241.0,256.0,241.0,255.0,2127,0.0,0.0
2020-09-29 00:00:00-04:00,255.0,256.0,243.0,244.0,2212,0.0,0.0
2020-09-30 00:00:00-04:00,237.0,263.0,237.0,258.0,2729,0.0,0.0
2020-10-01 00:00:00-04:00,258.0,277.0,258.0,269.0,2875,0.0,0.0
2020-10-02 00:00:00-04:00,259.0,280.0,255.0,278.0,3098,0.0,0.0
2020-10-05 00:00:00-04:00,280.0,289.0,263.0,265.0,4032,0.0,0.0
2020-10-06 00:00:00-04:00,274.0,274.0,253.0,256.0,2845,0.0,0.0
2020-10-07 00:00:00-04:00,255.0,265.0,251.39999389648438,260.0,2877,0.0,0.0
2020-10-08 00:00:00-04:00,258.0,268.0,258.0,265.0,1823,0.0,0.0
2020-10-09 00:00:00-04:00,269.0,273.0,264.0,264.0,1550,0.0,0.0
2020-10-12 00:00:00-04:00,267.0,270.0,260.0,265.0,1610,0.0,0.0
2020-10-13 00:00:00-04:00,264.0,274.0,261.0,268.0,1651,0.0,0.0
2020-10-14 00:00:00-04:00,270.0,276.0,263.0,264.0,1192,0.0,0.0
2020-10-15 00:00:00-04:00,264.0,272.0,260.70001220703125,270.0,1136,0.0,0.0
2020-10-16 00:00:00-04:00,271.0,278.0,260.0,261.0,1059,0.0,0.0
2020-10-19 00:00:00-04:00,262.0,267.0,255.0,258.0,1455,0.0,0.0
2020-10-20 00:00:00-04:00,260.0,261.5,248.0,252.0,1684,0.0,0.0
2020-10-21 00:00:00-04:00,254.0,254.0,234.0,234.0,3556,0.0,0.0
2020-10-22 00:00:00-04:00,232.0,235.0,219.0,232.0,3063,0.0,0.0
2020-10-23 00:00:00-04:00,234.0,243.0,230.0,240.0,1354,0.0,0.0
2020-10-26 00:00:00-04:00,240.0,243.0,222.0,223.0,2049,0.0,0.0
2020-10-27 00:00:00-04:00,222.0,230.0,212.0,217.0,2487,0.0,0.0
2020-10-28 00:00:00-04:00,214.0,217.5,210.0,215.0,1800,0.0,0.0
2020-10-29 00:00:00-04:00,216.0,224.0,212.0,216.0,2320,0.0,0.0
2020-10-30 00:00:00-04:00,222.0,231.0,216.0,230.0,5096,0.0,0.0
2020-11-02 00:00:00-05:00,238.0,253.0,232.0,247.0,3056,0.0,0.0
2020-11-03 00:00:00-05:00,248.0,259.0,247.0,249.0,2735,0.0,0.0
2020-11-04 00:00:00-05:00,245.0,247.0,231.0,231.0,1211,0.0,0.0
2020-11-05 00:00:00-05:00,235.0,248.0,235.0,245.0,810,0.0,0.0
2020-11-06 00:00:00-05:00,251.0,256.0,238.0,247.0,1796,0.0,0.0
2020-11-09 00:00:00-05:00,267.0,287.0,263.0,277.0,5190,0.0,0.0
2020-11-10 00:00:00-05:00,279.0,320.0,278.0,315.0,6198,0.0,0.0
2020-11-11 00:00:00-05:00,313.0,377.0,298.0,359.0,5343,0.0,0.0
2020-11-12 00:00:00-05:00,352.0,362.0,331.0,336.0,4235,0.0,0.0
2020-11-13 00:00:00-05:00,336.0,363.0,336.0,358.0,3500,0.0,0.0
2020-11-16 00:00:00-05:00,371.0,377.0,346.0,349.0,5017,0.0,0.0
2020-11-17 00:00:00-05:00,338.0,358.20001220703125,334.0,338.0,2719,0.0,0.0
2020-11-18 00:00:00-05:00,338.0,351.0,336.0,346.0,3938,0.0,0.0
2020-11-19 00:00:00-05:00,348.0,369.0,341.0,362.0,1572,0.0,0.0
2020-11-20 00:00:00-05:00,359.0,383.0,357.0,379.0,2509,0.0,0.0
2020-11-23 00:00:00-05:00,380.0,392.0,380.0,385.0,2756,0.0,0.0
2020-11-24 00:00:00-05:00,393.0,400.0,385.29998779296875,395.0,2325,0.0,0.0
2020-11-25 00:00:00-05:00,395.0,395.0,361.0,369.0,2672,0.0,0.0
2020-11-27 00:00:00-05:00,370.0,377.1000061035156,360.0,364.0,2050,0.0,0.0
2020-11-30 00:00:00-05:00,361.0,374.5,351.0,363.0,2186,0.0,0.0
2020-12-01 00:00:00-05:00,367.0,369.0,337.0,349.0,1882,0.0,0.0
2020-12-02 00:00:00-05:00,339.0,360.5,333.0,352.0,2034,0.0,0.0
2020-12-03 00:00:00-05:00,352.0,353.0,345.0,350.0,1149,0.0,0.0
2020-12-04 00:00:00-05:00,347.0,354.0,346.0,352.0,2835,0.0,0.0
2020-12-07 00:00:00-05:00,358.0,358.0,345.0,347.0,2574,0.0,0.0
2020-12-08 00:00:00-05:00,370.0,400.0,364.0,379.0,12075,0.0,0.0
2020-12-09 00:00:00-05:00,381.0,429.0,381.0,404.0,11354,0.0,0.0
2020-12-10 00:00:00-05:00,400.0,412.0,368.0,375.0,8978,0.0,0.0
2020-12-11 00:00:00-05:00,373.0,375.0,356.0,368.0,3093,0.0,0.0
2020-12-14 00:00:00-05:00,373.0,392.0,345.0,360.0,4260,0.0,0.0
2020-12-15 00:00:00-05:00,360.0,379.0,357.20001220703125,376.0,1911,0.0,0.0
2020-12-16 00:00:00-05:00,376.0,387.0,367.1000061035156,386.0,1838,0.0,0.0
2020-12-17 00:00:00-05:00,386.0,402.0,382.0,400.0,2416,0.0,0.0
2020-12-18 00:00:00-05:00,400.0,434.0,400.0,415.0,9651,0.0,0.0
2020-12-21 00:00:00-05:00,430.0,454.0,423.0,451.0,7626,0.0,0.0
2020-12-22 00:00:00-05:00,452.0,485.0,452.0,471.0,5633,0.0,0.0
2020-12-23 00:00:00-05:00,475.0,498.0,469.0,492.0,8462,0.0,0.0
2020-12-24 00:00:00-05:00,497.0,521.0,482.0,508.0,4850,0.0,0.0
2020-12-28 00:00:00-05:00,516.0,584.0,510.0,512.0,8223,0.0,0.0
2020-12-29 00:00:00-05:00,563.0,572.0,535.0,545.0,9976,0.0,0.0
2020-12-30 00:00:00-05:00,543.0,553.0,484.0,484.0,5633,0.0,0.0
2020-12-31 00:00:00-05:00,485.0,490.0,462.0,465.0,4983,0.0,0.0
2021-01-04 00:00:00-05:00,462.0,484.0,448.0,460.0,4854,0.0,0.0
2021-01-05 00:00:00-05:00,459.0,521.0,457.0,500.0,5063,0.0,0.0
2021-01-06 00:00:00-05:00,508.0,525.0,478.0,484.0,4586,0.0,0.0
2021-01-07 00:00:00-05:00,486.0,508.0,478.0,480.0,3224,0.0,0.0
2021-01-08 00:00:00-05:00,485.0,493.0,459.0,486.0,4402,0.0,0.0
2021-01-11 00:00:00-05:00,483.0,560.0,473.0,546.0,7385,0.0,0.0
2021-01-12 00:00:00-05:00,541.0,576.0,538.0,544.0,6125,0.0,0.0
2021-01-13 00:00:00-05:00,546.0,550.0,520.0,537.0,6104,0.0,0.0
2021-01-14 00:00:00-05:00,539.0,566.0,539.0,554.0,5006,0.0,0.0
2021-01-15 00:00:00-05:00,554.0,555.0,523.0,531.0,4041,0.0,0.0
2021-01-19 00:00:00-05:00,535.0,540.0,487.0,507.0,8151,0.0,0.0
2021-01-20 00:00:00-05:00,506.0,515.2000122070312,492.0,498.0,4673,0.0,0.0
2021-01-21 00:00:00-05:00,500.0,503.5,484.0,496.0,3124,0.0,0.0
2021-01-22 00:00:00-05:00,491.0,504.0,478.0,490.0,8061,0.0,0.0
2021-01-25 00:00:00-05:00,496.0,549.0,496.0,528.0,4225,0.0,0.0
2021-01-26 00:00:00-05:00,532.0,537.0,496.0,524.0,8031,0.0,0.0
2021-01-27 00:00:00-05:00,517.0,706.5999755859375,517.0,619.0,27172,0.0,0.0
2021-01-28 00:00:00-05:00,652.0,675.0,543.2000122070312,641.0,16465,0.0,0.0
2021-01-29 00:00:00-05:00,637.0,643.0,582.0,586.0,4186,0.0,0.0
2021-02-01 00:00:00-05:00,595.0,652.0,585.0,635.0,9970,0.0,0.0
2021-02-02 00:00:00-05:00,636.0,650.0,612.0,633.0,5861,0.0,0.0
2021-02-03 00:00:00-05:00,630.0,673.0,628.0,657.0,6540,0.0,0.0
2021-02-04 00:00:00-05:00,655.0,707.5,637.0,682.0,12863,0.0,0.0
2021-02-05 00:00:00-05:00,691.0,760.0,676.0,759.0,9463,0.0,0.0
2021-02-08 00:00:00-05:00,762.0,826.0,743.0,756.0,18038,0.0,0.0
2021-02-09 00:00:00-05:00,750.0,761.0,690.0,700.0,5451,0.0,0.0
2021-02-10 00:00:00-05:00,707.0,765.0,673.0,763.0,6067,0.0,0.0
2021-02-11 00:00:00-05:00,784.0,804.0,734.5,791.0,3740,0.0,0.0
2021-02-12 00:00:00-05:00,800.0,826.0,766.0,770.0,4688,0.0,0.0
2021-02-16 00:00:00-05:00,789.0,827.0,750.0,755.0,8117,0.0,0.0
2021-02-17 00:00:00-05:00,761.0,761.0,702.0,703.0,5047,0.0,0.0
2021-02-18 00:00:00-05:00,700.0,703.0,645.0,655.0,6672,0.0,0.0
2021-02-19 00:00:00-05:00,665.0,761.0,665.0,727.0,5329,0.0,0.0
2021-02-22 00:00:00-05:00,743.0,810.0,739.0,764.0,7552,0.0,0.0
2021-02-23 00:00:00-05:00,732.0,732.0,651.4000244140625,679.0,6243,0.0,0.0
2021-02-24 00:00:00-05:00,695.0,732.0,685.0,704.0,4836,0.0,0.0
2021-02-25 00:00:00-05:00,711.0,715.0,646.0,646.0,4608,0.0,0.0
2021-02-26 00:00:00-05:00,642.0,674.0,620.0,647.0,5105,0.0,0.0
2021-03-01 00:00:00-05:00,664.0,752.0,661.0,732.0,6217,0.0,0.0
2021-03-02 00:00:00-05:00,733.0,781.0,733.0,763.0,5174,0.0,0.0
2021-03-03 00:00:00-05:00,770.0,787.0,704.2999877929688,710.0,6811,0.0,0.0
2021-03-04 00:00:00-05:00,702.0,716.0,642.0,682.0,5681,0.0,0.0
2021-03-05 00:00:00-05:00,680.0,711.0,660.0,689.0,5711,0.0,0.0
2021-03-08 00:00:00-05:00,696.0,751.0,696.0,741.0,6827,0.0,0.0
2021-03-09 00:00:00-05:00,679.0,754.0,666.0,714.0,11466,0.0,0.0
2021-03-10 00:00:00-05:00,721.0,830.0,721.0,806.0,11918,0.0,0.0
2021-03-11 00:00:00-05:00,806.0,906.0,801.0,896.0,22147,0.0,0.0
2021-03-12 00:00:00-05:00,897.0,930.0,832.0,889.0,6080,0.0,0.0
2021-03-15 00:00:00-04:00,900.0,954.0,884.0,898.0,10476,0.0,0.0
2021-03-16 00:00:00-04:00,886.0,934.0,864.0,887.0,6857,0.0,0.0
2021-03-17 00:00:00-04:00,880.0,944.0,880.0,925.0,9742,0.0,0.0
2021-03-18 00:00:00-04:00,922.0,939.0,896.0,917.0,6212,0.0,0.0
2021-03-19 00:00:00-04:00,904.0,949.0,898.5,926.0,17046,0.0,0.0
2021-03-22 00:00:00-04:00,938.0,939.0,858.0,871.0,7167,0.0,0.0
2021-03-23 00:00:00-04:00,856.0,866.0,812.0,813.0,5889,0.0,0.0
2021-03-24 00:00:00-04:00,814.0,835.0,760.0,763.0,4953,0.0,0.0
2021-03-25 00:00:00-04:00,744.0,785.0,712.0,776.0,4565,0.0,0.0
2021-03-26 00:00:00-04:00,788.0,810.0,746.0,784.0,3800,0.0,0.0
2021-03-29 00:00:00-04:00,787.0,800.9000244140625,740.0,746.0,3870,0.0,0.0
2021-03-30 00:00:00-04:00,747.0,784.0,741.7999877929688,771.0,3302,0.0,0.0
2021-03-31 00:00:00-04:00,766.0,829.0,753.0,814.0,9208,0.0,0.0
2021-04-01 00:00:00-04:00,815.0,845.0,798.0,843.0,4224,0.0,0.0
2021-04-05 00:00:00-04:00,842.0,856.0,815.0,825.0,3775,0.0,0.0
2021-04-06 00:00:00-04:00,827.0,860.0,827.0,838.0,3067,0.0,0.0
2021-04-07 00:00:00-04:00,826.0,838.0,774.0,778.0,4098,0.0,0.0
2021-04-08 00:00:00-04:00,781.0,784.0,728.0,733.0,4503,0.0,0.0
2021-04-09 00:00:00-04:00,739.0,739.5,696.0,698.0,5049,0.0,0.0
2021-04-12 00:00:00-04:00,695.0,700.0,633.0,689.0,7706,0.0,0.0
2021-04-13 00:00:00-04:00,682.0,720.5,656.2000122070312,706.0,4417,0.0,0.0
2021-04-14 00:00:00-04:00,702.0,722.0,680.0,685.0,2873,0.0,0.0
2021-04-15 00:00:00-04:00,698.0,700.0,661.0,676.0,3711,0.0,0.0
2021-04-16 00:00:00-04:00,682.0,716.0,674.5999755859375,710.0,3378,0.0,0.0
2021-04-19 00:00:00-04:00,706.0,711.0,682.5999755859375,702.0,2707,0.0,0.0
2021-04-20 00:00:00-04:00,695.0,700.0,674.0,694.0,4738,0.0,0.0
2021-04-21 00:00:00-04:00,691.0,748.0,680.0,737.0,4567,0.0,0.0
2021-04-22 00:00:00-04:00,748.0,783.0,735.5999755859375,749.0,5100,0.0,0.0
2021-04-23 00:00:00-04:00,761.0,775.0,745.0,758.0,2485,0.0,0.0
2021-04-26 00:00:00-04:00,772.0,773.0,752.0,772.0,2875,0.0,0.0
2021-04-27 00:00:00-04:00,772.0,797.0,753.0,774.0,2982,0.0,0.0
2021-04-28 00:00:00-04:00,769.0,797.0,764.0,791.0,2746,0.0,0.0
2021-04-29 00:00:00-04:00,800.0,800.0,761.0,766.0,2026,0.0,0.0
2021-04-30 00:00:00-04:00,760.0,800.0,750.0,791.0,2635,0.0,0.0
2021-05-03 00:00:00-04:00,799.0,817.0,778.0,793.0,5327,0.0,0.0
2021-05-04 00:00:00-04:00,784.0,812.0,745.0,801.0,3739,0.0,0.0
2021-05-05 00:00:00-04:00,804.0,811.0,781.0,797.0,2504,0.0,0.0
2021-05-06 00:00:00-04:00,799.0,805.0,773.0,783.0,2219,0.0,0.0
2021-05-07 00:00:00-04:00,779.0,809.0,768.0,788.0,3606,0.0,0.0
2021-05-10 00:00:00-04:00,786.0,827.0,776.0,778.0,5756,0.0,0.0
2021-05-11 00:00:00-04:00,748.0,757.0,685.0,689.0,6905,0.0,0.0
2021-05-12 00:00:00-04:00,690.0,691.0,641.0,659.0,4203,0.0,0.0
2021-05-13 00:00:00-04:00,662.0,698.0,625.0,647.0,4529,0.0,0.0
2021-05-14 00:00:00-04:00,655.0,679.0,643.0,674.0,3688,0.0,0.0
2021-05-17 00:00:00-04:00,669.0,729.0,660.5,725.0,2615,0.0,0.0
2021-05-18 00:00:00-04:00,725.0,751.5,721.0,729.0,1829,0.0,0.0
2021-05-19 00:00:00-04:00,717.0,717.0,687.0,688.0,2564,0.0,0.0
2021-05-20 00:00:00-04:00,684.0,719.0,679.0999755859375,703.0,2064,0.0,0.0
2021-05-21 00:00:00-04:00,709.0,734.0,700.0,723.0,2897,0.0,0.0
2021-05-24 00:00:00-04:00,732.0,779.0,724.0,767.0,4148,0.0,0.0
2021-05-25 00:00:00-04:00,766.0,795.0,754.0,781.0,6346,0.0,0.0
2021-05-26 00:00:00-04:00,783.0,815.0,770.0,801.0,6121,0.0,0.0
2021-05-27 00:00:00-04:00,809.0,821.5,774.0,775.0,4522,0.0,0.0
2021-05-28 00:00:00-04:00,773.0,841.0,773.0,817.0,4514,0.0,0.0
2021-06-01 00:00:00-04:00,828.0,872.0,816.0,859.0,4613,0.0,0.0
2021-06-02 00:00:00-04:00,861.0,900.0,845.5999755859375,882.0,6269,0.0,0.0
2021-06-03 00:00:00-04:00,873.0,910.0,844.2000122070312,878.0,5325,0.0,0.0
2021-06-04 00:00:00-04:00,879.0,902.0,845.0,898.0,4359,0.0,0.0
2021-06-07 00:00:00-04:00,906.0,920.0,885.0,906.0,5296,0.0,0.0
2021-06-08 00:00:00-04:00,901.0,945.0,897.0,941.0,6289,0.0,0.0
2021-06-09 00:00:00-04:00,936.0,975.0,915.0,923.0,5512,0.0,0.0
2021-06-10 00:00:00-04:00,925.0,957.0,918.0,933.0,3483,0.0,0.0
2021-06-11 00:00:00-04:00,932.0,961.0,926.0,952.0,4085,0.0,0.0
2021-06-14 00:00:00-04:00,953.0,1005.0,953.0,979.0,5252,0.0,0.0
2021-06-15 00:00:00-04:00,970.0,1003.0,944.0,1000.0,5696,0.0,0.0
2021-06-16 00:00:00-04:00,1000.0,1019.0,977.0,1001.0,4903,0.0,0.0
2021-06-17 00:00:00-04:00,991.0,1014.0,918.0,929.0,5097,0.0,0.0
2021-06-18 00:00:00-04:00,929.0,960.0,912.0,944.0,11035,0.0,0.0
2021-06-21 00:00:00-04:00,946.0,993.5999755859375,940.0,962.0,4489,0.0,0.0
2021-06-22 00:00:00-04:00,962.0,975.0,940.0,959.0,4051,0.0,0.0
2021-06-23 00:00:00-04:00,960.0,975.0,940.0,940.0,5672,0.0,0.0
2021-06-24 00:00:00-04:00,950.0,959.0,902.0,930.0,5346,0.0,0.0
2021-06-25 00:00:00-04:00,932.0,938.0,885.0,887.0,53607,0.0,0.0
2021-06-28 00:00:00-04:00,904.5,904.5,855.0,886.0,7779,0.0,0.0
2021-06-29 00:00:00-04:00,884.0,886.5,866.0,867.0,4984,0.0,0.0
2021-06-30 00:00:00-04:00,850.0,856.0,670.0,721.0,29365,0.0,0.0
2021-07-01 00:00:00-04:00,735.0,756.0,715.0,730.0,10595,0.0,0.0
2021-07-02 00:00:00-04:00,733.0,884.0,718.0,847.0,26356,0.0,0.0
2021-07-06 00:00:00-04:00,863.0,909.0,805.0,822.0,13556,0.0,0.0
2021-07-07 00:00:00-04:00,810.0,867.0,807.0,831.0,8262,0.0,0.0
2021-07-08 00:00:00-04:00,801.0,838.0,777.0,831.0,5464,0.0,0.0
2021-07-09 00:00:00-04:00,848.0,865.0,836.5,854.0,3476,0.0,0.0
2021-07-12 00:00:00-04:00,850.0,866.0,823.0,866.0,3764,0.0,0.0
2021-07-13 00:00:00-04:00,858.0,903.0,839.0,897.0,4605,0.0,0.0
2021-07-14 00:00:00-04:00,903.0,925.0,867.0,871.0,3957,0.0,0.0
2021-07-15 00:00:00-04:00,865.0,874.0,833.0,873.0,7550,0.0,0.0
2021-07-16 00:00:00-04:00,868.0,929.0,868.0,874.0,5234,0.0,0.0
2021-07-19 00:00:00-04:00,850.0,875.0,809.0,860.0,6322,0.0,0.0
2021-07-20 00:00:00-04:00,860.0,875.0,843.0,869.0,4585,0.0,0.0
2021-07-21 00:00:00-04:00,877.0,938.0,875.7999877929688,898.0,4100,0.0,0.0
2021-07-22 00:00:00-04:00,905.0,910.0,874.0,877.0,2561,0.0,0.0
2021-07-23 00:00:00-04:00,883.0,905.0,851.0,852.0,2987,0.0,0.0
2021-07-26 00:00:00-04:00,857.0,899.0,856.0,860.0,2720,0.0,0.0
2021-07-27 00:00:00-04:00,860.0,868.0,810.0,817.0,3158,0.0,0.0
2021-07-28 00:00:00-04:00,820.0,840.0,790.5,808.0,3139,0.0,0.0
2021-07-29 00:00:00-04:00,814.0,854.0,808.0,829.0,5668,0.0,0.0
2021-07-30 00:00:00-04:00,817.0,848.0,806.0,835.0,3970,0.0,0.0
2021-08-02 00:00:00-04:00,844.0,862.0,811.0,819.0,4948,0.0,0.0
2021-08-03 00:00:00-04:00,828.0,839.0,767.0,796.0,6928,0.0,0.0
2021-08-04 00:00:00-04:00,783.0,793.0,747.0,769.0,4104,0.0,0.0
2021-08-05 00:00:00-04:00,773.0,811.0,773.0,798.0,3602,0.0,0.0
2021-08-06 00:00:00-04:00,807.0,826.5,800.0,808.0,2620,0.0,0.0
2021-08-09 00:00:00-04:00,806.0,817.0,789.0,791.0,1977,0.0,0.0
2021-08-10 00:00:00-04:00,793.0,806.0,782.0,787.0,2304,0.0,0.0
2021-08-11 00:00:00-04:00,786.0,804.0,751.0,778.0,3125,0.0,0.0
2021-08-12 00:00:00-04:00,780.0,788.0,765.0,775.0,1898,0.0,0.0
2021-08-13 00:00:00-04:00,773.0,773.0,743.0,747.0,2689,0.0,0.0
2021-08-16 00:00:00-04:00,739.0,749.0,721.0,734.0,3103,0.0,0.0
2021-08-17 00:00:00-04:00,722.0,737.0,693.5,710.0,3944,0.0,0.0
2021-08-18 00:00:00-04:00,714.0,766.5,712.0,754.0,4364,0.0,0.0
2021-08-19 00:00:00-04:00,769.5,769.5,712.0,730.0,4624,0.0,0.0
2021-08-20 00:00:00-04:00,728.0,777.0,722.0,773.0,3621,0.0,0.0
2021-08-23 00:00:00-04:00,784.0,795.0,772.0,774.0,2527,0.0,0.0
2021-08-24 00:00:00-04:00,795.0,804.0,780.0,794.0,3243,0.0,0.0
2021-08-25 00:00:00-04:00,804.0,810.0,788.5,799.0,2561,0.0,0.0
2021-08-26 00:00:00-04:00,802.0,810.0,781.0,798.0,2745,0.0,0.0
2021-08-27 00:00:00-04:00,797.0,844.0,797.0,831.0,4283,0.0,0.0
2021-08-30 00:00:00-04:00,830.0,830.0,784.0,791.0,2665,0.0,0.0
2021-08-31 00:00:00-04:00,798.0,829.0,780.0,816.0,3119,0.0,0.0
2021-09-01 00:00:00-04:00,820.0,854.0,807.0,826.0,4690,0.0,0.0
2021-09-02 00:00:00-04:00,869.0,967.0,867.7000122070312,936.0,11230,0.0,0.0
2021-09-03 00:00:00-04:00,935.0,1020.0,927.5,997.0,8155,0.0,0.0
2021-09-07 00:00:00-04:00,1007.0,1050.0,1003.7999877929688,1043.0,6015,0.0,0.0
2021-09-08 00:00:00-04:00,1031.0,1060.0,1006.0,1037.0,7685,0.0,0.0
2021-09-09 00:00:00-04:00,1034.0,1037.0,1001.0,1004.0,3824,0.0,0.0
2021-09-10 00:00:00-04:00,1010.0,1021.0,991.0,995.0,3036,0.0,0.0
2021-09-13 00:00:00-04:00,997.0,1013.0,973.0,1000.0,2841,0.0,0.0
2021-09-14 00:00:00-04:00,1041.0,1080.0,1019.0,1032.0,5302,0.0,0.0
2021-09-15 00:00:00-04:00,1032.0,1064.0,1021.0,1032.0,3763,0.0,0.0
2021-09-16 00:00:00-04:00,1062.0,1140.0,1058.0,1106.0,7076,0.0,0.0
2021-09-17 00:00:00-04:00,1109.0,1120.0,1083.5,1094.0,12789,0.0,0.0
2021-09-20 00:00:00-04:00,1056.0,1065.0,959.5,977.0,4509,0.0,0.0
2021-09-21 00:00:00-04:00,990.0,1033.0,963.0,1013.0,3136,0.0,0.0
2021-09-22 00:00:00-04:00,1023.0,1069.0,1009.9000244140625,1066.0,3057,0.0,0.0
2021-09-23 00:00:00-04:00,1074.0,1085.0999755859375,1052.0,1080.0,2425,0.0,0.0
2021-09-24 00:00:00-04:00,1065.0,1081.0,1044.0,1059.0,2248,0.0,0.0
2021-09-27 00:00:00-04:00,1060.0,1102.0,1060.0,1080.0,2642,0.0,0.0
2021-09-28 00:00:00-04:00,1065.0,1068.0,1038.0,1039.0,2845,0.0,0.0
2021-09-29 00:00:00-04:00,1045.0,1047.5,1000.0,1029.0,2758,0.0,0.0
2021-09-30 00:00:00-04:00,1019.0,1034.0,997.0,999.0,4255,0.0,0.0
2021-10-01 00:00:00-04:00,1012.0,1038.0,991.0,1015.0,8457,0.0,0.0
2021-10-04 00:00:00-04:00,1009.0,1039.0,993.0999755859375,1023.0,3347,0.0,0.0
2021-10-05 00:00:00-04:00,1025.0,1062.0,1018.0,1046.0,2754,0.0,0.0
2021-10-06 00:00:00-04:00,1060.0,1124.0,1047.9000244140625,1120.0,7261,0.0,0.0
2021-10-07 00:00:00-04:00,1126.0,1197.0,1126.0,1182.0,8185,0.0,0.0
2021-10-08 00:00:00-04:00,1182.0,1200.9000244140625,1169.0,1185.0,4193,0.0,0.0
2021-10-11 00:00:00-04:00,1183.0,1183.0,1107.0,1110.0,4287,0.0,0.0
2021-10-12 00:00:00-04:00,1119.0,1179.0,1102.0,1124.0,5091,0.0,0.0
2021-10-13 00:00:00-04:00,1118.0,1134.0,1067.0,1105.0,2911,0.0,0.0
2021-10-14 00:00:00-04:00,1121.0,1121.0,1081.0,1095.0,3823,0.0,0.0
2021-10-15 00:00:00-04:00,1115.0,1133.0,1054.0,1056.0,3495,0.0,0.0
2021-10-18 00:00:00-04:00,1055.0,1076.0,1035.0,1054.0,3455,0.0,0.0
2021-10-19 00:00:00-04:00,1075.0,1075.0,1032.0,1051.0,2621,0.0,0.0
2021-10-20 00:00:00-04:00,1044.0,1073.0,1034.0,1045.0,1987,0.0,0.0
2021-10-21 00:00:00-04:00,1046.0,1076.0,1032.0,1043.0,4450,0.0,0.0
2021-10-22 00:00:00-04:00,1051.0,1051.0,990.0,998.0,3468,0.0,0.0
2021-10-25 00:00:00-04:00,1003.0,1055.0,1003.0,1046.0,3162,0.0,0.0
2021-10-26 00:00:00-04:00,1042.0,1058.0,1031.0,1051.0,2103,0.0,0.0
2021-10-27 00:00:00-04:00,1053.0,1053.0,993.0,1030.0,4475,0.0,0.0
2021-10-28 00:00:00-04:00,1023.0,1059.0,1015.5,1050.0,2720,0.0,0.0
2021-10-29 00:00:00-04:00,1042.0,1053.0,1027.0,1038.0,2300,0.0,0.0
2021-11-01 00:00:00-04:00,1043.0,1111.0,1039.0,1089.0,3108,0.0,0.0
2021-11-02 00:00:00-04:00,1074.0,1074.0,937.0,999.0,12352,0.0,0.0
2021-11-03 00:00:00-04:00,1001.0,1084.0,1000.0,1047.0,4057,0.0,0.0
2021-11-04 00:00:00-04:00,1052.0,1054.0,1006.0,1023.0,2608,0.0,0.0
2021-11-05 00:00:00-04:00,1034.0,1071.0,1023.0,1056.0,3098,0.0,0.0
2021-11-08 00:00:00-05:00,1056.0,1091.0,1044.0,1081.0,4131,0.0,0.0
2021-11-09 00:00:00-05:00,1076.0,1101.0,1065.0,1070.0,2893,0.0,0.0
2021-11-10 00:00:00-05:00,1075.0,1077.0,1040.0,1043.0,2160,0.0,0.0
2021-11-11 00:00:00-05:00,1061.0,1071.0,1041.0,1046.0,2098,0.0,0.0
2021-11-12 00:00:00-05:00,1060.0,1060.0,1029.0,1044.0,2789,0.0,0.0
2021-11-15 00:00:00-05:00,1057.0,1064.0,1001.0,1034.0,5265,0.0,0.0
2021-11-16 00:00:00-05:00,1032.0,1052.0,1025.0,1047.0,2644,0.0,0.0
2021-11-17 00:00:00-05:00,1040.0,1058.0,1025.5,1037.0,1638,0.0,0.0
2021-11-18 00:00:00-05:00,1046.0,1055.0,986.0,1045.0,4906,0.0,0.0
2021-11-19 00:00:00-05:00,1037.0,1050.0,1014.0,1025.0,6013,0.0,0.0
2021-11-22 00:00:00-05:00,1030.0,1044.0999755859375,991.0,1016.0,3338,0.0,0.0
2021-11-23 00:00:00-05:00,1022.0,1022.0,937.0,943.0,4076,0.0,0.0
2021-11-24 00:00:00-05:00,932.0,994.7999877929688,924.0,984.0,5614,0.0,0.0
2021-11-26 00:00:00-05:00,937.0,946.0,885.0,944.0,4106,0.0,0.0
2021-11-29 00:00:00-05:00,974.0,974.0,884.0,888.0,6314,0.0,0.0
2021-11-30 00:00:00-05:00,718.0,807.0,685.0,702.0,17677,0.0,0.0
2021-12-01 00:00:00-05:00,710.0,723.0,677.0,678.0,10490,0.0,0.0
2021-12-02 00:00:00-05:00,671.0,716.0,653.0,697.0,6850,0.0,0.0
2021-12-03 00:00:00-05:00,694.0,707.0,656.0,671.0,6080,0.0,0.0
2021-12-06 00:00:00-05:00,686.5,736.0,686.5,717.0,9743,0.0,0.0
2021-12-07 00:00:00-05:00,740.0,751.0,706.0,730.0,6234,0.0,0.0
2021-12-08 00:00:00-05:00,728.0,745.2000122070312,716.0,732.0,3001,0.0,0.0
2021-12-09 00:00:00-05:00,725.0,762.0,723.0,723.0,3160,0.0,0.0
2021-12-10 00:00:00-05:00,727.0,774.0,716.0,719.0,3530,0.0,0.0
2021-12-13 00:00:00-05:00,732.0,756.0,688.5,695.0,4910,0.0,0.0
2021-12-14 00:00:00-05:00,690.0,736.0,685.0,699.0,4391,0.0,0.0
2021-12-15 00:00:00-05:00,700.0,715.0,674.0,700.0,9825,0.0,0.0
2021-12-16 00:00:00-05:00,722.0,756.0,670.5,677.0,7612,0.0,0.0
2021-12-17 00:00:00-05:00,673.0,713.7999877929688,653.0,656.0,33923,0.0,0.0
2021-12-20 00:00:00-05:00,645.0,652.0,624.0,643.0,7049,0.0,0.0
2021-12-21 00:00:00-05:00,650.0,669.0,648.0,666.0,5335,0.0,0.0
2021-12-22 00:00:00-05:00,666.0,679.0,656.0,666.0,3057,0.0,0.0
2021-12-23 00:00:00-05:00,666.0,681.0,655.0,669.0,3055,0.0,0.0
2021-12-27 00:00:00-05:00,666.0,684.0,654.0,675.0,3720,0.0,0.0
2021-12-28 00:00:00-05:00,672.0,683.0,654.2000122070312,658.0,5123,0.0,0.0
2021-12-29 00:00:00-05:00,700.0,700.0,665.0,670.0,5169,0.0,0.0
2021-12-30 00:00:00-05:00,665.0,698.0,664.0,674.0,4302,0.0,0.0
2021-12-31 00:00:00-05:00,672.0,684.0,662.0,681.0,7460,0.0,0.0
2022-01-03 00:00:00-05:00,693.0,719.0,690.0,705.0,3486,0.0,0.0
2022-01-04 00:00:00-05:00,723.0,745.0,719.0,735.0,4850,0.0,0.0
2022-01-05 00:00:00-05:00,734.0,736.0,680.0,682.0,4461,0.0,0.0
2022-01-06 00:00:00-05:00,684.0,697.0,675.0,680.0,2871,0.0,0.0
2022-01-07 00:00:00-05:00,677.0,689.0,665.5,670.0,3879,0.0,0.0
2022-01-10 00:00:00-05:00,663.0,666.5,634.0,655.0,4670,0.0,0.0
2022-01-11 00:00:00-05:00,651.0,663.0,634.0,659.0,4449,0.0,0.0
2022-01-12 00:00:00-05:00,667.0,670.0,635.0,640.0,3279,0.0,0.0
2022-01-13 00:00:00-05:00,645.0,654.0,635.0,637.0,3110,0.0,0.0
2022-01-14 00:00:00-05:00,627.0,634.5,605.0,615.0,4093,0.0,0.0
2022-01-18 00:00:00-05:00,605.0,624.0,600.0,609.0,4000,0.0,0.0
2022-01-19 00:00:00-05:00,618.0,624.0,604.0,605.0,2510,0.0,0.0
2022-01-20 00:00:00-05:00,608.0,616.0,571.0,574.0,3345,0.0,0.0
2022-01-21 00:00:00-05:00,567.0,591.5,557.0,562.0,4770,0.0,0.0
2022-01-24 00:00:00-05:00,555.0,581.0,534.0,578.0,4639,0.0,0.0
2022-01-25 00:00:00-05:00,577.0,591.0,562.0,580.0,2813,0.0,0.0
2022-01-26 00:00:00-05:00,592.0,598.0,551.0,558.0,3133,0.0,0.0
2022-01-27 00:00:00-05:00,562.0,572.0,539.0,544.0,3099,0.0,0.0
2022-01-28 00:00:00-05:00,540.0,565.0,537.5,565.0,2893,0.0,0.0
2022-01-31 00:00:00-05:00,555.0,602.0,555.0,602.0,3110,0.0,0.0
2022-02-01 00:00:00-05:00,603.0,613.0,582.0,598.0,3577,0.0,0.0
2022-02-02 00:00:00-05:00,603.0,603.0,570.0,589.0,2780,0.0,0.0
2022-02-03 00:00:00-05:00,577.0,588.0,573.0,581.0,1845,0.0,0.0
2022-02-04 00:00:00-05:00,582.0,592.0,562.0,588.0,1936,0.0,0.0
2022-02-07 00:00:00-05:00,588.0,597.0,574.0,590.0,2393,0.0,0.0
2022-02-08 00:00:00-05:00,593.0,617.0,586.0,613.0,1914,0.0,0.0
2022-02-09 00:00:00-05:00,620.0,629.0,603.0,614.0,2572,0.0,0.0
2022-02-10 00:00:00-05:00,601.0,618.0,593.0,593.0,3823,0.0,0.0
2022-02-11 00:00:00-05:00,593.0,604.0,572.0,581.0,2889,0.0,0.0
2022-02-14 00:00:00-05:00,579.0,601.0,577.0,582.0,2362,0.0,0.0
2022-02-15 00:00:00-05:00,589.0,611.0,587.0,607.0,1880,0.0,0.0
2022-02-16 00:00:00-05:00,607.0,607.0,582.0,591.0,1609,0.0,0.0
2022-02-17 00:00:00-05:00,580.0,594.0,577.0,581.0,1893,0.0,0.0
2022-02-18 00:00:00-05:00,573.0,584.0,553.0,557.0,2672,0.0,0.0
2022-02-22 00:00:00-05:00,554.0,560.0,530.0,539.0,2823,0.0,0.0
2022-02-23 00:00:00-05:00,548.0,550.0,508.0,509.0,3905,0.0,0.0
2022-02-24 00:00:00-05:00,486.0,533.5,477.1000061035156,530.0,3659,0.0,0.0
2022-02-25 00:00:00-05:00,534.0,543.0,517.0,538.0,2160,0.0,0.0
2022-02-28 00:00:00-05:00,530.0,550.0,530.0,548.0,3064,0.0,0.0
2022-03-01 00:00:00-05:00,550.0,550.0,528.0,529.0,2256,0.0,0.0
2022-03-02 00:00:00-05:00,535.0,572.0,535.0,544.0,4640,0.0,0.0
2022-03-03 00:00:00-05:00,549.0,564.0,525.0,533.0,2996,0.0,0.0
2022-03-04 00:00:00-05:00,526.0,526.5,500.20001220703125,503.0,2495,0.0,0.0
2022-03-07 00:00:00-05:00,501.0,507.0,477.0,479.0,5109,0.0,0.0
2022-03-08 00:00:00-05:00,427.0,450.0,363.0,389.0,12259,0.0,0.0
2022-03-09 00:00:00-05:00,388.0,417.0,382.0,401.0,4939,0.0,0.0
2022-03-10 00:00:00-05:00,387.0,410.0,378.0,408.0,7900,0.0,0.0
2022-03-11 00:00:00-05:00,413.0,434.0,382.5,387.0,6140,0.0,0.0
2022-03-14 00:00:00-04:00,391.0,394.0,354.0,365.0,5969,0.0,0.0
2022-03-15 00:00:00-04:00,376.0,416.0,376.0,410.0,7668,0.0,0.0
2022-03-16 00:00:00-04:00,398.0,422.5,398.0,416.0,5731,0.0,0.0
2022-03-17 00:00:00-04:00,407.0,419.5,400.0,405.0,4778,0.0,0.0
2022-03-18 00:00:00-04:00,404.0,422.0,394.0,419.0,8647,0.0,0.0
2022-03-21 00:00:00-04:00,423.0,445.0,414.0,434.0,6806,0.0,0.0
2022-03-22 00:00:00-04:00,435.0,442.0,419.0,427.0,5115,0.0,0.0
2022-03-23 00:00:00-04:00,420.0,427.0,400.0,420.0,5392,0.0,0.0
2022-03-24 00:00:00-04:00,419.0,419.0,400.0,403.0,4674,0.0,0.0
2022-03-25 00:00:00-04:00,401.0,416.0,390.0,408.0,8184,0.0,0.0
2022-03-28 00:00:00-04:00,365.0,394.0,345.0,366.0,36153,0.0,0.0
2022-03-29 00:00:00-04:00,376.0,392.0,353.0,382.0,20035,0.0,0.0
2022-03-30 00:00:00-04:00,373.0,373.0,346.0,348.0,20341,0.0,0.0
2022-03-31 00:00:00-04:00,355.0,362.0,338.0,358.0,19382,0.0,0.0
2022-04-01 00:00:00-04:00,356.0,393.0,354.0,375.0,86014,0.0,0.0
2022-04-04 00:00:00-04:00,375.0,391.5,371.0,381.0,11735,0.0,0.0
2022-04-05 00:00:00-04:00,383.0,398.0,362.0,362.0,12278,0.0,0.0
2022-04-06 00:00:00-04:00,360.0,363.1000061035156,344.3999938964844,353.0,9744,0.0,0.0
2022-04-07 00:00:00-04:00,353.0,355.0,336.0,341.0,9197,0.0,0.0
2022-04-08 00:00:00-04:00,339.0,348.5,332.5,339.0,5832,0.0,0.0
2022-04-11 00:00:00-04:00,337.0,346.8999938964844,330.5,341.0,7817,0.0,0.0
2022-04-12 00:00:00-04:00,346.0,357.5,340.0,345.0,4806,0.0,0.0
2022-04-13 00:00:00-04:00,345.0,367.0,340.0,360.0,6318,0.0,0.0
2022-04-14 00:00:00-04:00,361.0,368.0,351.0,362.0,7124,0.0,0.0
2022-04-18 00:00:00-04:00,370.0,381.0,364.0,372.0,7381,0.0,0.0
2022-04-19 00:00:00-04:00,369.0,381.0,360.0,374.0,5009,0.0,0.0
2022-04-20 00:00:00-04:00,375.0,376.0,362.0,368.0,3765,0.0,0.0
2022-04-21 00:00:00-04:00,374.0,375.29998779296875,344.0,349.0,4756,0.0,0.0
2022-04-22 00:00:00-04:00,344.0,349.0,332.0,334.0,4606,0.0,0.0
2022-04-25 00:00:00-04:00,332.0,346.0,330.0,345.0,4551,0.0,0.0
2022-04-26 00:00:00-04:00,339.0,339.0,325.0,326.0,5044,0.0,0.0
2022-04-27 00:00:00-04:00,328.0,332.0,317.0,318.0,4788,0.0,0.0
2022-04-28 00:00:00-04:00,323.0,326.0,308.0,319.0,5532,0.0,0.0
2022-04-29 00:00:00-04:00,316.0,322.0,303.0,304.0,4899,0.0,0.0
2022-05-02 00:00:00-04:00,304.0,312.5,295.0,307.0,5552,0.0,0.0
2022-05-03 00:00:00-04:00,303.0,304.0,294.0,296.0,9103,0.0,0.0
2022-05-04 00:00:00-04:00,298.0,301.0,282.0,299.0,6650,0.0,0.0
2022-05-05 00:00:00-04:00,294.0,295.0,270.0,272.0,5288,0.0,0.0
2022-05-06 00:00:00-04:00,270.0,275.0,260.0,268.0,6521,0.0,0.0
2022-05-09 00:00:00-04:00,261.0,264.0,249.0,252.0,6156,0.0,0.0
2022-05-10 00:00:00-04:00,257.0,268.0,248.0,255.0,7574,0.0,0.0
2022-05-11 00:00:00-04:00,255.0,263.79998779296875,238.0,239.0,5020,0.0,0.0
2022-05-12 00:00:00-04:00,236.0,259.5,234.0,249.0,5254,0.0,0.0
2022-05-13 00:00:00-04:00,253.0,261.0,249.0,249.0,4646,0.0,0.0
2022-05-16 00:00:00-04:00,250.0,253.0,237.0,237.0,4228,0.0,0.0
2022-05-17 00:00:00-04:00,246.0,254.60000610351562,238.0,254.0,6915,0.0,0.0
2022-05-18 00:00:00-04:00,252.0,254.0,236.0,237.0,6249,0.0,0.0
2022-05-19 00:00:00-04:00,234.0,245.0,232.0,235.0,4013,0.0,0.0
2022-05-20 00:00:00-04:00,239.0,239.0,215.0,220.0,7516,0.0,0.0
2022-05-23 00:00:00-04:00,224.0,224.0,208.0,220.0,5595,0.0,0.0
2022-05-24 00:00:00-04:00,218.0,218.0,200.0,203.0,6920,0.0,0.0
2022-05-25 00:00:00-04:00,202.0,220.0,200.0,217.0,6260,0.0,0.0
2022-05-26 00:00:00-04:00,217.0,236.0,217.0,235.0,5266,0.0,0.0
2022-05-27 00:00:00-04:00,237.0,252.0,236.0,250.0,5013,0.0,0.0
2022-05-31 00:00:00-04:00,245.0,253.0,237.0,251.0,5713,0.0,0.0
2022-06-01 00:00:00-04:00,251.0,252.0,240.0,250.0,5887,0.0,0.0
2022-06-02 00:00:00-04:00,251.0,277.0,251.0,270.0,5072,0.0,0.0
2022-06-03 00:00:00-04:00,264.0,277.0,255.0,277.0,5603,0.0,0.0
2022-06-06 00:00:00-04:00,276.0,285.0,269.0,281.0,6125,0.0,0.0
2022-06-07 00:00:00-04:00,276.0,301.0,276.0,296.0,7403,0.0,0.0
2022-06-08 00:00:00-04:00,295.0,296.0,285.0,286.0,3626,0.0,0.0
2022-06-09 00:00:00-04:00,281.0,286.5,275.0,279.0,4635,0.0,0.0
2022-06-10 00:00:00-04:00,272.0,272.5,249.5,253.0,7801,0.0,0.0
2022-06-13 00:00:00-04:00,245.0,246.0,233.0,246.0,5366,0.0,0.0
2022-06-14 00:00:00-04:00,245.0,252.0,218.0,226.0,7738,0.0,0.0
2022-06-15 00:00:00-04:00,227.0,246.0,222.0,245.0,7671,0.0,0.0
2022-06-16 00:00:00-04:00,235.0,238.0,226.0,236.0,8392,0.0,0.0
2022-06-17 00:00:00-04:00,238.0,257.0,233.0,257.0,16777,0.0,0.0
2022-06-21 00:00:00-04:00,260.0,265.0,249.1999969482422,263.0,7238,0.0,0.0
2022-06-22 00:00:00-04:00,262.0,284.0,261.0,283.0,6730,0.0,0.0
2022-06-23 00:00:00-04:00,283.0,307.0,282.0,307.0,6948,0.0,0.0
2022-06-24 00:00:00-04:00,309.0,332.0,303.6000061035156,323.0,63847,0.0,0.0
2022-06-27 00:00:00-04:00,328.0,331.0,302.5,315.0,10198,0.0,0.0
2022-06-28 00:00:00-04:00,317.0,326.0,295.5,297.0,11220,0.0,0.0
2022-06-29 00:00:00-04:00,261.0,296.5,257.0,290.0,17638,0.0,0.0
2022-06-30 00:00:00-04:00,284.0,308.0,281.0,293.0,8769,0.0,0.0
2022-07-01 00:00:00-04:00,292.0,303.5,289.0,295.0,8728,0.0,0.0
2022-07-05 00:00:00-04:00,289.0,307.8999938964844,280.0,305.0,6300,0.0,0.0
2022-07-06 00:00:00-04:00,304.0,311.0,288.0,296.0,4712,0.0,0.0
2022-07-07 00:00:00-04:00,299.0,307.5,292.0,304.0,3869,0.0,0.0
2022-07-08 00:00:00-04:00,301.0,313.5,292.0,292.0,6946,0.0,0.0
2022-07-11 00:00:00-04:00,289.0,294.0,279.0,281.0,4361,0.0,0.0
2022-07-12 00:00:00-04:00,282.0,285.5,276.0,278.0,2731,0.0,0.0
2022-07-13 00:00:00-04:00,273.0,276.0,264.5,266.0,3319,0.0,0.0
2022-07-14 00:00:00-04:00,261.0,268.0,257.0,264.0,4488,0.0,0.0
2022-07-15 00:00:00-04:00,268.0,275.0,262.0,265.0,2288,0.0,0.0
2022-07-18 00:00:00-04:00,272.0,277.0,264.0,264.0,2487,0.0,0.0
2022-07-19 00:00:00-04:00,268.0,278.5,267.0,275.0,2577,0.0,0.0
2022-07-20 00:00:00-04:00,274.0,287.0,274.0,282.0,2582,0.0,0.0
2022-07-21 00:00:00-04:00,282.0,286.5,274.5,284.0,1965,0.0,0.0
2022-07-22 00:00:00-04:00,282.0,289.0,270.0,277.0,2514,0.0,0.0
2022-07-25 00:00:00-04:00,278.0,289.5,274.0,286.0,2100,0.0,0.0
2022-07-26 00:00:00-04:00,287.0,288.0,272.0,272.0,2698,0.0,0.0
2022-07-27 00:00:00-04:00,275.0,280.0,269.0,274.0,2408,0.0,0.0
2022-07-28 00:00:00-04:00,276.0,279.5,265.5,275.0,2249,0.0,0.0
2022-07-29 00:00:00-04:00,276.0,280.0,265.0,271.0,2035,0.0,0.0
2022-08-01 00:00:00-04:00,268.0,277.8999938964844,265.0,265.0,2381,0.0,0.0
2022-08-02 00:00:00-04:00,264.0,273.0,262.0,265.0,1535,0.0,0.0
2022-08-03 00:00:00-04:00,271.0,278.0,268.0,275.0,1872,0.0,0.0
2022-08-04 00:00:00-04:00,277.0,281.0,265.0,265.0,3763,0.0,0.0
2022-08-05 00:00:00-04:00,262.0,268.5,255.0,259.0,2906,0.0,0.0
2022-08-08 00:00:00-04:00,263.0,275.5,263.0,270.0,2425,0.0,0.0
2022-08-09 00:00:00-04:00,269.0,270.0,255.0,258.0,1997,0.0,0.0
2022-08-10 00:00:00-04:00,264.0,279.0,264.0,276.0,1662,0.0,0.0
2022-08-11 00:00:00-04:00,278.0,291.5,276.0,285.0,1887,0.0,0.0
2022-08-12 00:00:00-04:00,288.0,292.0,282.5,291.0,2203,0.0,0.0
2022-08-15 00:00:00-04:00,290.0,292.0,285.0,286.0,2657,0.0,0.0
2022-08-16 00:00:00-04:00,286.0,321.0,282.0,317.0,6147,0.0,0.0
2022-08-17 00:00:00-04:00,314.0,319.3999938964844,304.0,307.0,3132,0.0,0.0
2022-08-18 00:00:00-04:00,308.0,308.0,287.0,294.0,3334,0.0,0.0
2022-08-19 00:00:00-04:00,288.0,289.0,264.5,265.0,2953,0.0,0.0
2022-08-22 00:00:00-04:00,261.0,261.8999938964844,240.5,241.0,2698,0.0,0.0
2022-08-23 00:00:00-04:00,242.0,244.0,238.5,242.0,2282,0.0,0.0
2022-08-24 00:00:00-04:00,242.0,245.0,237.0,241.0,1252,0.0,0.0
2022-08-25 00:00:00-04:00,245.0,245.0,235.89999389648438,244.0,1452,0.0,0.0
2022-08-26 00:00:00-04:00,246.0,248.0,225.5,229.0,3386,0.0,0.0
2022-08-29 00:00:00-04:00,225.0,231.0,222.0,226.0,2104,0.0,0.0
2022-08-30 00:00:00-04:00,233.0,238.0,220.0,226.0,7887,0.0,0.0
2022-08-31 00:00:00-04:00,191.0,276.0,190.0,256.0,15676,0.0,0.0
2022-09-01 00:00:00-04:00,256.0,272.0,240.0,269.0,3902,0.0,0.0
2022-09-02 00:00:00-04:00,273.0,274.0,256.5,272.0,2816,0.0,0.0
2022-09-06 00:00:00-04:00,273.0,277.0,265.0,271.0,2134,0.0,0.0
2022-09-07 00:00:00-04:00,275.0,281.0,269.0,279.0,1472,0.0,0.0
2022-09-08 00:00:00-04:00,278.0,295.0,276.0,289.0,1710,0.0,0.0
2022-09-09 00:00:00-04:00,292.0,308.79998779296875,291.0,304.0,2392,0.0,0.0
2022-09-12 00:00:00-04:00,309.0,309.0,293.0,299.0,1290,0.0,0.0
2022-09-13 00:00:00-04:00,287.0,291.0,281.0,287.0,1150,0.0,0.0
2022-09-14 00:00:00-04:00,291.0,291.0,276.0,276.0,2016,0.0,0.0
2022-09-15 00:00:00-04:00,274.0,285.0,272.0,275.0,1576,0.0,0.0
2022-09-16 00:00:00-04:00,269.0,269.0,256.0,262.0,10389,0.0,0.0
2022-09-19 00:00:00-04:00,256.0,267.0,243.5,253.0,2291,0.0,0.0
2022-09-20 00:00:00-04:00,249.0,251.0,243.0,243.0,884,0.0,0.0
2022-09-21 00:00:00-04:00,242.0,245.0,226.0,228.0,1186,0.0,0.0
2022-09-22 00:00:00-04:00,228.0,229.0,220.1999969482422,228.0,1430,0.0,0.0
2022-09-23 00:00:00-04:00,224.0,230.0,216.0,230.0,1442,0.0,0.0
2022-09-26 00:00:00-04:00,228.0,235.5,218.0,219.0,2409,0.0,0.0
2022-09-27 00:00:00-04:00,225.0,235.0,220.0,224.0,956,0.0,0.0
2022-09-28 00:00:00-04:00,227.0,239.0,226.0,238.0,1412,0.0,0.0
2022-09-29 00:00:00-04:00,232.0,237.0,228.0,234.0,2176,0.0,0.0
2022-09-30 00:00:00-04:00,235.0,242.0,226.0,240.0,2736,0.0,0.0
2022-10-03 00:00:00-04:00,244.0,252.0,237.0,250.0,1790,0.0,0.0
2022-10-04 00:00:00-04:00,256.0,270.0,252.0,262.0,2463,0.0,0.0
2022-10-05 00:00:00-04:00,260.0,265.0,246.5,260.0,1635,0.0,0.0
2022-10-06 00:00:00-04:00,259.0,272.5,259.0,265.0,1679,0.0,0.0
2022-10-07 00:00:00-04:00,260.0,260.0,237.5,240.0,892,0.0,0.0
2022-10-10 00:00:00-04:00,240.0,243.6999969482422,235.0,241.0,541,0.0,0.0
2022-10-11 00:00:00-04:00,239.0,251.0,235.0,248.0,1036,0.0,0.0
2022-10-12 00:00:00-04:00,250.0,254.0,245.0,252.0,700,0.0,0.0
2022-10-13 00:00:00-04:00,240.0,266.0,238.0,265.0,1560,0.0,0.0
2022-10-14 00:00:00-04:00,266.0,266.0,255.0,261.0,2669,0.0,0.0
2022-10-17 00:00:00-04:00,268.0,271.0,257.0,257.0,793,0.0,0.0
2022-10-18 00:00:00-04:00,264.0,270.0,257.0,266.0,774,0.0,0.0
2022-10-19 00:00:00-04:00,261.0,266.0,255.0,260.0,928,0.0,0.0
2022-10-20 00:00:00-04:00,259.0,268.0,254.0,260.0,348,0.0,0.0
2022-10-21 00:00:00-04:00,257.0,260.0,250.0,256.0,714,0.0,0.0
2022-10-24 00:00:00-04:00,261.0,261.0,232.0,236.0,2894,0.0,0.0
2022-10-25 00:00:00-04:00,235.0,250.89999389648438,235.0,250.0,879,0.0,0.0
2022-10-26 00:00:00-04:00,246.0,258.8999938964844,246.0,249.0,626,0.0,0.0
2022-10-27 00:00:00-04:00,251.0,267.0,250.0,264.0,2301,0.0,0.0
2022-10-28 00:00:00-04:00,265.0,283.0,260.0,276.0,1569,0.0,0.0
2022-10-31 00:00:00-04:00,275.0,287.0,270.0,279.0,2871,0.0,0.0
2022-11-01 00:00:00-04:00,280.0,285.0,277.0,280.0,1240,0.0,0.0
2022-11-02 00:00:00-04:00,279.0,290.0,276.5,282.0,1180,0.0,0.0
2022-11-03 00:00:00-04:00,276.0,310.0,276.0,303.0,2563,0.0,0.0
2022-11-04 00:00:00-04:00,306.0,318.0,289.0,304.0,2826,0.0,0.0
2022-11-07 00:00:00-05:00,306.0,320.0,300.0,311.0,2155,0.0,0.0
2022-11-08 00:00:00-05:00,311.0,319.0,298.0,316.0,1521,0.0,0.0
2022-11-09 00:00:00-05:00,310.0,311.0,302.0,304.0,786,0.0,0.0
2022-11-10 00:00:00-05:00,318.0,321.8999938964844,306.0,307.0,1234,0.0,0.0
2022-11-11 00:00:00-05:00,307.0,320.0,306.0,309.0,1382,0.0,0.0
2022-11-14 00:00:00-05:00,304.0,308.5,292.0,292.0,889,0.0,0.0
2022-11-15 00:00:00-05:00,303.0,309.0,297.0,298.0,1107,0.0,0.0
2022-11-16 00:00:00-05:00,295.0,296.20001220703125,275.70001220703125,281.0,14227,0.0,0.0
2022-11-17 00:00:00-05:00,276.0,276.0,268.0,270.0,520,0.0,0.0
2022-11-18 00:00:00-05:00,274.0,274.0,263.5,265.0,607,0.0,0.0
2022-11-21 00:00:00-05:00,264.0,265.0,257.0,259.0,491,0.0,0.0
2022-11-22 00:00:00-05:00,258.5,269.0,255.0,265.0,1129,0.0,0.0
2022-11-23 00:00:00-05:00,265.0,268.0,256.0,256.0,918,0.0,0.0
2022-11-25 00:00:00-05:00,259.0,262.8999938964844,253.0,254.0,328,0.0,0.0
2022-11-28 00:00:00-05:00,255.0,255.10000610351562,239.0,239.0,868,0.0,0.0
2022-11-29 00:00:00-05:00,239.0,248.0,234.0,240.0,842,0.0,0.0
2022-11-30 00:00:00-05:00,234.0,255.0,234.0,254.0,1295,0.0,0.0
2022-12-01 00:00:00-05:00,259.0,259.0,247.0,252.0,1095,0.0,0.0
2022-12-02 00:00:00-05:00,244.0,274.0,244.0,267.0,2164,0.0,0.0
2022-12-05 00:00:00-05:00,258.0,270.0,250.0,255.0,3022,0.0,0.0
2022-12-06 00:00:00-05:00,240.0,240.0,151.0,185.0,46562,0.0,0.0
2022-12-07 00:00:00-05:00,185.0,185.0,152.0,152.0,25443,0.0,0.0
2022-12-08 00:00:00-05:00,155.0,156.0,139.0,145.0,11807,0.0,0.0
2022-12-09 00:00:00-05:00,142.0,151.0,138.0,146.0,13151,0.0,0.0
2022-12-12 00:00:00-05:00,145.0,156.0,142.0,155.0,8895,0.0,0.0
2022-12-13 00:00:00-05:00,151.0,166.0,151.0,164.0,10456,0.0,0.0
2022-12-14 00:00:00-05:00,163.0,194.0,159.0,185.0,19675,0.0,0.0
2022-12-15 00:00:00-05:00,183.0,183.0,170.0,174.0,5295,0.0,0.0
2022-12-16 00:00:00-05:00,171.0,185.0,169.0,181.0,11114,0.0,0.0
2022-12-19 00:00:00-05:00,177.0,184.0,171.0,174.0,4865,0.0,0.0
2022-12-20 00:00:00-05:00,176.0,180.5,170.0,172.0,3142,0.0,0.0
2022-12-21 00:00:00-05:00,173.0,180.5,168.0,169.0,4026,0.0,0.0
2022-12-22 00:00:00-05:00,165.0,170.0,161.5,164.0,5237,0.0,0.0
2022-12-23 00:00:00-05:00,164.0,168.0,152.0,159.0,6368,0.0,0.0
2022-12-27 00:00:00-05:00,161.0,165.89999389648438,151.0,152.0,4269,0.0,0.0
2022-12-28 00:00:00-05:00,153.0,153.0,145.0,148.0,4936,0.0,0.0
2022-12-29 00:00:00-05:00,149.0,155.0,148.0,153.0,3097,0.0,0.0
2022-12-30 00:00:00-05:00,147.0,176.0,147.0,175.0,5897,0.0,0.0
2023-01-03 00:00:00-05:00,178.0,192.0,177.1999969482422,186.0,3611,0.0,0.0
2023-01-04 00:00:00-05:00,191.0,205.0,188.5,200.0,3026,0.0,0.0
2023-01-05 00:00:00-05:00,196.0,197.5,188.5,195.0,816,0.0,0.0
2023-01-06 00:00:00-05:00,195.0,199.0,192.0,194.0,1086,0.0,0.0
2023-01-09 00:00:00-05:00,196.0,198.0,191.0,192.0,1334,0.0,0.0
2023-01-10 00:00:00-05:00,189.0,198.0,189.0,191.0,1558,0.0,0.0
2023-01-11 00:00:00-05:00,192.0,200.5,186.0,188.0,3112,0.0,0.0
2023-01-12 00:00:00-05:00,191.0,204.0,189.0,202.0,2599,0.0,0.0
2023-01-13 00:00:00-05:00,205.0,211.0,201.0,211.0,1291,0.0,0.0
2023-01-17 00:00:00-05:00,210.0,212.0,202.0,203.0,2311,0.0,0.0
2023-01-18 00:00:00-05:00,206.0,209.0,199.0,200.0,1440,0.0,0.0
2023-01-19 00:00:00-05:00,199.0,201.0,190.0,193.0,1082,0.0,0.0
2023-01-20 00:00:00-05:00,192.0,199.5,181.0,184.0,18239,0.0,0.0
2023-01-23 00:00:00-05:00,183.0,219.0,183.0,217.0,7520,0.0,0.0
2023-01-24 00:00:00-05:00,215.0,235.0,215.0,225.0,6079,0.0,0.0
2023-01-25 00:00:00-05:00,224.0,238.0,218.0,228.0,3336,0.0,0.0
2023-01-26 00:00:00-05:00,231.0,234.0,218.0,226.0,3111,0.0,0.0
2023-01-27 00:00:00-05:00,225.0,239.5,221.0,237.0,2983,0.0,0.0
2023-01-30 00:00:00-05:00,234.0,238.0,226.5,230.0,3060,0.0,0.0
2023-01-31 00:00:00-05:00,233.0,237.0,228.5,231.0,2354,0.0,0.0
2023-02-01 00:00:00-05:00,231.0,238.0,227.5,230.0,1712,0.0,0.0
2023-02-02 00:00:00-05:00,232.0,240.0,228.0,229.0,3236,0.0,0.0
2023-02-03 00:00:00-05:00,226.0,232.0,221.0,222.0,2924,0.0,0.0
2023-02-06 00:00:00-05:00,220.0,231.0,218.0,230.0,1760,0.0,0.0
2023-02-07 00:00:00-05:00,233.0,237.5,226.0,233.0,1687,0.0,0.0
2023-02-08 00:00:00-05:00,235.0,245.0,232.0,237.0,2570,0.0,0.0
2023-02-09 00:00:00-05:00,239.0,250.0,232.0,233.0,2068,0.0,0.0
2023-02-10 00:00:00-05:00,232.0,236.0,228.0,230.0,1640,0.0,0.0
2023-02-13 00:00:00-05:00,231.0,240.0,225.0,240.0,1550,0.0,0.0
2023-02-14 00:00:00-05:00,238.0,246.0,230.5,245.0,2759,0.0,0.0
2023-02-15 00:00:00-05:00,243.0,252.0,240.0,249.0,3356,0.0,0.0
2023-02-16 00:00:00-05:00,248.0,248.5,239.5,241.0,1511,0.0,0.0
2023-02-17 00:00:00-05:00,239.0,243.5,238.0,241.0,1086,0.0,0.0
2023-02-21 00:00:00-05:00,240.0,240.0,222.5,225.0,1426,0.0,0.0
2023-02-22 00:00:00-05:00,226.0,227.0,215.0,219.0,2187,0.0,0.0
2023-02-23 00:00:00-05:00,223.0,223.0,215.5,221.0,938,0.0,0.0
2023-02-24 00:00:00-05:00,215.0,217.5,210.10000610351562,216.0,1139,0.0,0.0
2023-02-27 00:00:00-05:00,219.0,219.0,211.0,214.0,1000,0.0,0.0
2023-02-28 00:00:00-05:00,214.0,216.5,201.0,206.0,2772,0.0,0.0
2023-03-01 00:00:00-05:00,206.0,210.5,193.0,197.0,1881,0.0,0.0
2023-03-02 00:00:00-05:00,196.0,202.0,191.5,194.0,1341,0.0,0.0
2023-03-03 00:00:00-05:00,196.0,196.0,188.0,189.0,2951,0.0,0.0
2023-03-06 00:00:00-05:00,192.0,196.0,182.0,188.0,5469,0.0,0.0
2023-03-07 00:00:00-05:00,189.0,199.0,182.0,198.0,2455,0.0,0.0
2023-03-08 00:00:00-05:00,203.0,203.0,175.0,178.0,5251,0.0,0.0
2023-03-09 00:00:00-05:00,182.0,182.3000030517578,159.0,172.0,13841,0.0,0.0
2023-03-10 00:00:00-05:00,208.0,250.0,178.0,184.0,174190,0.0,0.0
2023-03-13 00:00:00-04:00,182.0,208.0,177.0,185.0,17295,0.0,0.0
2023-03-14 00:00:00-04:00,186.0,210.0,179.39999389648438,202.0,14545,0.0,0.0
2023-03-15 00:00:00-04:00,196.0,196.0,178.0,181.0,5827,0.0,0.0
2023-03-16 00:00:00-04:00,179.0,184.0,178.5,180.0,2914,0.0,0.0
2023-03-17 00:00:00-04:00,177.0,177.5,164.0,165.0,26425,0.0,0.0
2023-03-20 00:00:00-04:00,168.0,174.0,157.0,162.0,3545,0.0,0.0
2023-03-21 00:00:00-04:00,163.0,168.0,160.0,168.0,3137,0.0,0.0
2023-03-22 00:00:00-04:00,187.0,187.0,169.0,169.0,4554,0.0,0.0
2023-03-23 00:00:00-04:00,169.0,171.0,160.0,162.0,2908,0.0,0.0
2023-03-24 00:00:00-04:00,157.0,162.0,155.0,155.0,3486,0.0,0.0
2023-03-27 00:00:00-04:00,158.0,161.0,153.5,154.0,3543,0.0,0.0
2023-03-28 00:00:00-04:00,154.0,154.5,149.0,152.0,3218,0.0,0.0
2023-03-29 00:00:00-04:00,151.0,155.0,149.5,155.0,2483,0.0,0.0
2023-03-30 00:00:00-04:00,154.0,159.0,152.5,155.0,2381,0.0,0.0
2023-03-31 00:00:00-04:00,155.0,159.0,150.0,152.0,2424,0.0,0.0
2023-04-03 00:00:00-04:00,154.0,154.0,148.0,148.0,1508,0.0,0.0
2023-04-04 00:00:00-04:00,148.0,149.0,142.0,146.0,3550,0.0,0.0
2023-04-05 00:00:00-04:00,143.0,148.0,138.5,147.0,5453,0.0,0.0
2023-04-06 00:00:00-04:00,146.0,157.0,142.0,156.0,3881,0.0,0.0
2023-04-10 00:00:00-04:00,159.0,161.0,154.0,158.0,1803,0.0,0.0
2023-04-11 00:00:00-04:00,158.0,160.5,155.0,159.0,1221,0.0,0.0
2023-04-12 00:00:00-04:00,161.0,166.0,156.0,157.0,1351,0.0,0.0
2023-04-13 00:00:00-04:00,155.0,162.0,150.0,162.0,2567,0.0,0.0
2023-04-14 00:00:00-04:00,159.0,163.0,154.0,154.0,1481,0.0,0.0
2023-04-17 00:00:00-04:00,154.0,158.0,148.0,158.0,2821,0.0,0.0
2023-04-18 00:00:00-04:00,155.0,157.5,151.0,156.0,1377,0.0,0.0
2023-04-19 00:00:00-04:00,155.0,159.0,151.0,156.0,2839,0.0,0.0
2023-04-20 00:00:00-04:00,155.0,155.5,148.0,148.0,2052,0.0,0.0
2023-04-21 00:00:00-04:00,148.0,151.6999969482422,141.0,143.0,2612,0.0,0.0
2023-04-24 00:00:00-04:00,145.0,149.0,140.0,147.0,1594,0.0,0.0
2023-04-25 00:00:00-04:00,143.0,151.0,143.0,146.0,3818,0.0,0.0
2023-04-26 00:00:00-04:00,142.0,160.0,142.0,150.0,3082,0.0,0.0
2023-04-27 00:00:00-04:00,154.0,160.0,150.0,159.0,2031,0.0,0.0
2023-04-28 00:00:00-04:00,159.0,160.0,156.0,156.0,1588,0.0,0.0
2023-05-01 00:00:00-04:00,156.0,156.0,148.0,151.0,1692,0.0,0.0
2023-05-02 00:00:00-04:00,150.0,157.0,147.0,155.0,3709,0.0,0.0
2023-05-03 00:00:00-04:00,153.0,156.0,149.5,150.0,2173,0.0,0.0
2023-05-04 00:00:00-04:00,149.0,150.0,143.0,147.0,2109,0.0,0.0
2023-05-05 00:00:00-04:00,148.0,150.0,144.0,150.0,2016,0.0,0.0
2023-05-08 00:00:00-04:00,149.0,163.0,149.0,160.0,3918,0.0,0.0
2023-05-09 00:00:00-04:00,156.0,164.0,156.0,161.0,1180,0.0,0.0
2023-05-10 00:00:00-04:00,161.0,170.0,159.0,165.0,4606,0.0,0.0
2023-05-11 00:00:00-04:00,165.0,168.0,159.0,160.0,1586,0.0,0.0
2023-05-12 00:00:00-04:00,159.0,159.0,153.0,155.0,731,0.0,0.0
2023-05-15 00:00:00-04:00,155.0,155.0,152.0,155.0,1036,0.0,0.0
2023-05-16 00:00:00-04:00,153.0,154.0,149.0,150.0,1051,0.0,0.0
2023-05-17 00:00:00-04:00,149.0,149.89999389648438,144.0,148.0,2785,0.0,0.0
2023-05-18 00:00:00-04:00,148.0,148.0,144.0,148.0,1374,0.0,0.0
2023-05-19 00:00:00-04:00,147.0,148.0,141.0,141.0,815,0.0,0.0
2023-05-22 00:00:00-04:00,144.0,148.0,141.0,146.0,966,0.0,0.0
2023-05-23 00:00:00-04:00,144.0,150.0,142.0,143.0,1396,0.0,0.0
2023-05-24 00:00:00-04:00,142.0,144.0,141.0,142.0,713,0.0,0.0
2023-05-25 00:00:00-04:00,140.0,142.0,140.0,141.0,1236,0.0,0.0
2023-05-26 00:00:00-04:00,140.0,142.0,135.0,137.0,1734,0.0,0.0
2023-05-30 00:00:00-04:00,140.0,141.0,135.0,138.0,1277,0.0,0.0
2023-05-31 00:00:00-04:00,140.0,141.0,125.0,139.0,4560,0.0,0.0
2023-06-01 00:00:00-04:00,136.0,136.0,99.0,121.0,15814,0.0,0.0
2023-06-02 00:00:00-04:00,114.0,120.0,108.0,116.0,6821,0.0,0.0
2023-06-05 00:00:00-04:00,115.0,121.0,114.0,115.0,4807,0.0,0.0
2023-06-06 00:00:00-04:00,112.0,115.0,112.0,112.0,3787,0.0,0.0
2023-06-07 00:00:00-04:00,111.0,117.0,109.0,113.0,4969,0.0,0.0
2023-06-08 00:00:00-04:00,116.0,119.5,114.0,115.0,3364,0.0,0.0
2023-06-09 00:00:00-04:00,113.0,117.0,110.0,112.0,2756,0.0,0.0
2023-06-12 00:00:00-04:00,115.0,115.0,107.0,107.0,2274,0.0,0.0
2023-06-13 00:00:00-04:00,108.0,119.0,108.0,117.0,3589,0.0,0.0
2023-06-14 00:00:00-04:00,120.0,129.0,119.0,120.0,2404,0.0,0.0
2023-06-15 00:00:00-04:00,122.0,132.0,120.0,132.0,3643,0.0,0.0
2023-06-16 00:00:00-04:00,131.0,131.3000030517578,126.0,126.0,2957,0.0,0.0
2023-06-20 00:00:00-04:00,128.0,130.0,126.0,126.0,2268,0.0,0.0
2023-06-21 00:00:00-04:00,126.0,126.0,114.0,121.0,3489,0.0,0.0
2023-06-22 00:00:00-04:00,119.0,121.0,115.0,116.0,1594,0.0,0.0
2023-06-23 00:00:00-04:00,116.0,117.0,109.0,114.0,4154,0.0,0.0
2023-06-26 00:00:00-04:00,112.0,117.0,111.0,116.0,2056,0.0,0.0
2023-06-27 00:00:00-04:00,121.0,121.0,116.0,118.0,1112,0.0,0.0
2023-06-28 00:00:00-04:00,117.0,117.0,110.0,116.0,2720,0.0,0.0
2023-06-29 00:00:00-04:00,113.0,125.0,113.0,124.0,1613,0.0,0.0
2023-06-30 00:00:00-04:00,124.0,126.0,120.0,126.0,2543,0.0,0.0
2023-07-03 00:00:00-04:00,128.0,167.0,126.0,162.0,20840,0.0,0.0
2023-07-05 00:00:00-04:00,159.0,173.0,145.0,164.0,13686,0.0,0.0
2023-07-06 00:00:00-04:00,161.0,224.0,161.0,206.0,56439,0.0,0.0
2023-07-07 00:00:00-04:00,202.0,215.0,195.0,204.0,13631,0.0,0.0
2023-07-10 00:00:00-04:00,203.0,214.0,175.0,178.0,9781,0.0,0.0
2023-07-11 00:00:00-04:00,174.0,178.0,155.5,163.0,7745,0.0,0.0
2023-07-12 00:00:00-04:00,172.0,178.0,163.0,166.0,4207,0.0,0.0
2023-07-13 00:00:00-04:00,165.0,166.0,140.0,154.0,8891,0.0,0.0
2023-07-14 00:00:00-04:00,151.0,167.0,138.5,159.0,9916,0.0,0.0
2023-07-17 00:00:00-04:00,160.0,160.0,125.0,127.0,11570,0.0,0.0
2023-07-18 00:00:00-04:00,125.0,132.0,121.19999694824219,122.0,4974,0.0,0.0
2023-07-19 00:00:00-04:00,122.0,128.8000030517578,121.0,123.0,2800,0.0,0.0
2023-07-20 00:00:00-04:00,124.0,125.0,118.0,124.0,2790,0.0,0.0
2023-07-21 00:00:00-04:00,121.0,134.5,121.0,132.0,7227,0.0,0.0
2023-07-24 00:00:00-04:00,128.0,134.0,126.0,129.0,3258,0.0,0.0
2023-07-25 00:00:00-04:00,128.0,138.0,127.0,136.0,4286,0.0,0.0
2023-07-26 00:00:00-04:00,139.0,143.0,124.5,128.0,5623,0.0,0.0
2023-07-27 00:00:00-04:00,128.0,132.0,124.0,126.0,3154,0.0,0.0
2023-07-28 00:00:00-04:00,128.0,128.0,121.0,125.0,7452,0.0,0.0
2023-07-31 00:00:00-04:00,142.0,154.0,132.0,147.0,40612,0.0,0.0
2023-08-01 00:00:00-04:00,138.0,150.0,134.0,148.0,5745,0.0,0.0
2023-08-02 00:00:00-04:00,148.0,154.0,137.0,153.0,5347,0.0,0.0
2023-08-03 00:00:00-04:00,155.0,170.5,151.0,164.0,12042,0.0,0.0
2023-08-04 00:00:00-04:00,165.0,173.0,153.0,164.0,6215,0.0,0.0
2023-08-07 00:00:00-04:00,168.0,168.0,158.0,158.0,3049,0.0,0.0
2023-08-08 00:00:00-04:00,157.0,163.0,150.0,161.0,3642,0.0,0.0
2023-08-09 00:00:00-04:00,161.0,167.0,155.5,156.0,3578,0.0,0.0
2023-08-10 00:00:00-04:00,159.0,163.0,156.0,159.0,1517,0.0,0.0
2023-08-11 00:00:00-04:00,156.0,168.0,156.0,164.0,2469,0.0,0.0
2023-08-14 00:00:00-04:00,163.0,168.5,158.0,166.0,2273,0.0,0.0
2023-08-15 00:00:00-04:00,163.0,163.0,152.0,154.0,2359,0.0,0.0
2023-08-16 00:00:00-04:00,153.0,158.0,145.0,147.0,2528,0.0,0.0
2023-08-17 00:00:00-04:00,149.0,154.0,143.0,147.0,1609,0.0,0.0
2023-08-18 00:00:00-04:00,147.0,152.0,139.0,140.0,1827,0.0,0.0
2023-08-21 00:00:00-04:00,140.0,143.5,132.0,136.0,1530,0.0,0.0
2023-08-22 00:00:00-04:00,141.0,141.0,135.0,136.0,1043,0.0,0.0
2023-08-23 00:00:00-04:00,137.0,140.0,134.5,135.0,1866,0.0,0.0
2023-08-24 00:00:00-04:00,134.0,137.0,127.0,127.0,1834,0.0,0.0
2023-08-25 00:00:00-04:00,129.0,133.5,125.0,129.0,1514,0.0,0.0
2023-08-28 00:00:00-04:00,127.0,130.0,122.0,124.0,3333,0.0,0.0
2023-08-29 00:00:00-04:00,130.0,139.89999389648438,128.8000030517578,137.0,3301,0.0,0.0
2023-08-30 00:00:00-04:00,139.0,143.0,131.0,131.0,1413,0.0,0.0
2023-08-31 00:00:00-04:00,134.0,134.0,127.0,127.0,1463,0.0,0.0
2023-09-01 00:00:00-04:00,129.0,131.0,122.0,123.0,1549,0.0,0.0
2023-09-05 00:00:00-04:00,123.0,125.0,118.0,121.0,3047,0.0,0.0
2023-09-06 00:00:00-04:00,130.0,133.0,115.0,118.0,4017,0.0,0.0
2023-09-07 00:00:00-04:00,115.0,117.0,104.5,115.0,7206,0.0,0.0
2023-09-08 00:00:00-04:00,114.0,114.0,106.0,112.0,2614,0.0,0.0
2023-09-11 00:00:00-04:00,109.0,109.0,102.0,104.0,5715,0.0,0.0
2023-09-12 00:00:00-04:00,104.0,106.0,98.0,98.0,6792,0.0,0.0
2023-09-13 00:00:00-04:00,95.80000305175781,105.5999984741211,87.0,100.0,4794,0.0,0.0
2023-09-14 00:00:00-04:00,99.0,106.0,96.80000305175781,104.0,2183,0.0,0.0
2023-09-15 00:00:00-04:00,105.0,105.0,93.0,94.0,4009,0.0,0.0
2023-09-18 00:00:00-04:00,100.0,118.0,94.30000305175781,108.0,3458,0.0,0.0
2023-09-19 00:00:00-04:00,106.0,114.0,103.0,111.0,3358,0.0,0.0
2023-09-20 00:00:00-04:00,111.0,120.0,110.0,114.0,3703,0.0,0.0
2023-09-21 00:00:00-04:00,110.0,111.0,102.0,105.0,1794,0.0,0.0
2023-09-22 00:00:00-04:00,106.0,111.0,103.0,111.0,928,0.0,0.0
2023-09-25 00:00:00-04:00,107.0,114.0,103.0,106.0,1555,0.0,0.0
2023-09-26 00:00:00-04:00,103.0,116.0,103.0,116.0,2186,0.0,0.0
2023-09-27 00:00:00-04:00,115.0,117.0,104.4000015258789,111.0,1382,0.0,0.0
2023-09-28 00:00:00-04:00,110.0,111.0,105.0,107.0,1325,0.0,0.0
2023-09-29 00:00:00-04:00,110.0,111.0,104.0,109.0,1859,0.0,0.0
2023-10-02 00:00:00-04:00,106.0,108.0,101.0,105.0,1478,0.0,0.0
2023-10-03 00:00:00-04:00,103.0,105.0,97.0,99.0,2505,0.0,0.0
2023-10-04 00:00:00-04:00,99.0,101.0,97.0,100.0,1065,0.0,0.0
2023-10-05 00:00:00-04:00,103.0,104.0,97.0,101.0,967,0.0,0.0
2023-10-06 00:00:00-04:00,100.0,100.0,93.0,95.5,5347,0.0,0.0
2023-10-09 00:00:00-04:00,95.5,98.0,88.0,89.9000015258789,4680,0.0,0.0
2023-10-10 00:00:00-04:00,89.0,93.80000305175781,87.0,88.0,3225,0.0,0.0
2023-10-11 00:00:00-04:00,92.0,93.5,82.80000305175781,84.0999984741211,3657,0.0,0.0
2023-10-12 00:00:00-04:00,85.19999694824219,85.19999694824219,75.0,79.0,3575,0.0,0.0
2023-10-13 00:00:00-04:00,81.0,81.0,79.0,79.0999984741211,1985,0.0,0.0
2023-10-16 00:00:00-04:00,81.0999984741211,87.0,79.0,83.0999984741211,3465,0.0,0.0
2023-10-17 00:00:00-04:00,81.0,90.0,81.0,86.5999984741211,2214,0.0,0.0
2023-10-18 00:00:00-04:00,90.0,91.80000305175781,86.0,90.4000015258789,2533,0.0,0.0
2023-10-19 00:00:00-04:00,92.0,94.0,87.0,90.0999984741211,2112,0.0,0.0
2023-10-20 00:00:00-04:00,90.0999984741211,94.0,87.5999984741211,93.4000015258789,2844,0.0,0.0
2023-10-23 00:00:00-04:00,90.69999694824219,99.0,90.69999694824219,97.0,2700,0.0,0.0
2023-10-24 00:00:00-04:00,100.0,101.0,97.19999694824219,101.0,2032,0.0,0.0
2023-10-25 00:00:00-04:00,102.0,104.0,98.0,103.0,4078,0.0,0.0
2023-10-26 00:00:00-04:00,101.0,102.0,87.0,94.0,4012,0.0,0.0
2023-10-27 00:00:00-04:00,100.0,101.0,94.0,97.0999984741211,2361,0.0,0.0
2023-10-30 00:00:00-04:00,98.0,105.0,96.0,103.0,3787,0.0,0.0
2023-10-31 00:00:00-04:00,101.0,105.0,99.0,102.0,2702,0.0,0.0
2023-11-01 00:00:00-04:00,100.0,102.0,94.0999984741211,101.0,2417,0.0,0.0
2023-11-02 00:00:00-04:00,102.0,106.0,96.5,104.0,1276,0.0,0.0
2023-11-03 00:00:00-04:00,105.0,112.0,105.0,109.0,2756,0.0,0.0
2023-11-06 00:00:00-05:00,107.0,113.0,106.0,108.0,937,0.0,0.0
2023-11-07 00:00:00-05:00,108.0,118.0,107.0,114.0,1663,0.0,0.0
2023-11-08 00:00:00-05:00,117.0,118.0,112.4000015258789,114.0,571,0.0,0.0
2023-11-09 00:00:00-05:00,114.0,116.0,105.0,112.0,2387,0.0,0.0
2023-11-10 00:00:00-05:00,111.0,113.0,107.5,112.0,1162,0.0,0.0
2023-11-13 00:00:00-05:00,109.0,121.0,108.0,117.0,1804,0.0,0.0
2023-11-14 00:00:00-05:00,122.0,135.0,121.0,131.0,5780,0.0,0.0
2023-11-15 00:00:00-05:00,125.0,134.0,123.0,130.0,2472,0.0,0.0
2023-11-16 00:00:00-05:00,130.0,133.0,126.80000305175781,129.0,753,0.0,0.0
2023-11-17 00:00:00-05:00,132.0,140.0,129.0,132.0,1755,0.0,0.0
2023-11-20 00:00:00-05:00,129.0,133.0,123.69999694824219,125.0,1140,0.0,0.0
2023-11-21 00:00:00-05:00,125.0,130.0,124.5,126.0,466,0.0,0.0
2023-11-22 00:00:00-05:00,125.0,129.0,121.0,123.0,733,0.0,0.0
2023-11-24 00:00:00-05:00,120.0,129.0,120.0,122.0,496,0.0,0.0
2023-11-27 00:00:00-05:00,119.0,126.0,116.0999984741211,117.0,1627,0.0,0.0
2023-11-28 00:00:00-05:00,114.0,119.0,111.0,113.0,2228,0.0,0.0
2023-11-29 00:00:00-05:00,111.0,118.0,110.0,110.0,1236,0.0,0.0
2023-11-30 00:00:00-05:00,111.0,114.0,109.0,111.0,618,0.0,0.0
2023-12-01 00:00:00-05:00,113.0,117.0,111.0,114.0,1175,0.0,0.0
2023-12-04 00:00:00-05:00,112.0,117.0,110.0,110.0,1075,0.0,0.0
2023-12-05 00:00:00-05:00,112.0,118.0,110.0,115.0,2407,0.0,0.0
2023-12-06 00:00:00-05:00,115.0,117.0,102.0,105.0,10211,0.0,0.0
2023-12-07 00:00:00-05:00,130.5,148.0,126.0,127.0,75244,0.0,0.0
2023-12-08 00:00:00-05:00,127.0,136.0,115.0,123.0,10741,0.0,0.0
2023-12-11 00:00:00-05:00,122.0,135.0,120.0,126.0,6916,0.0,0.0
2023-12-12 00:00:00-05:00,122.0,135.0,122.0,129.0,3859,0.0,0.0
2023-12-13 00:00:00-05:00,133.0,134.0,128.5,131.0,4126,0.0,0.0
2023-12-14 00:00:00-05:00,134.0,136.0,130.0,132.0,2896,0.0,0.0
2023-12-15 00:00:00-05:00,130.0,132.0,129.0,130.0,4042,0.0,0.0
2023-12-18 00:00:00-05:00,129.0,132.0,124.0,127.0,3986,0.0,0.0
2023-12-19 00:00:00-05:00,125.0,128.0,124.0,124.0,3627,0.0,0.0
2023-12-20 00:00:00-05:00,125.0,126.0,120.0,124.0,2580,0.0,0.0
2023-12-21 00:00:00-05:00,122.0,123.0,119.0,120.0,2471,0.0,0.0
2023-12-22 00:00:00-05:00,118.0,121.5,113.0,115.0,8995,0.0,0.0
2023-12-26 00:00:00-05:00,115.0,122.0,113.0,119.0,5121,0.0,0.0
2023-12-27 00:00:00-05:00,121.0,124.0,116.0,121.0,5305,0.0,0.0
2023-12-28 00:00:00-05:00,119.0,147.0,119.0,141.0,10556,0.0,0.0
2023-12-29 00:00:00-05:00,143.0,157.0,141.0,149.0,7779,0.0,0.0
2024-01-02 00:00:00-05:00,151.0,175.0,151.0,160.0,10689,0.0,0.0
2024-01-03 00:00:00-05:00,159.0,168.0,145.0,152.0,8908,0.0,0.0
2024-01-04 00:00:00-05:00,154.0,176.0,150.0,172.0,7893,0.0,0.0
2024-01-05 00:00:00-05:00,169.0,187.0,167.0,177.0,6295,0.0,0.0
2024-01-08 00:00:00-05:00,179.0,201.0,172.0,200.0,7478,0.0,0.0
2024-01-09 00:00:00-05:00,199.0,226.0,195.0,224.0,11586,0.0,0.0
2024-01-10 00:00:00-05:00,220.0,225.0,103.0,110.0,94998,0.0,0.0
2024-01-11 00:00:00-05:00,114.0,130.5,100.0,105.0,79329,0.0,0.0
2024-01-12 00:00:00-05:00,110.0,120.0,106.0,118.0,43464,0.0,0.0
2024-01-16 00:00:00-05:00,111.0,114.0,102.0,108.0,22336,0.0,0.0
2024-01-17 00:00:00-05:00,108.0,108.0,99.0,100.0,10093,0.0,0.0
2024-01-18 00:00:00-05:00,100.0,101.0,82.4000015258789,87.4000015258789,24519,0.0,0.0
2024-01-19 00:00:00-05:00,91.0,91.0,82.80000305175781,85.80000305175781,11319,0.0,0.0
2024-01-22 00:00:00-05:00,88.9000015258789,97.0,87.0,96.0,16945,0.0,0.0
2024-01-23 00:00:00-05:00,96.0,105.0,93.0,95.5999984741211,9663,0.0,0.0
2024-01-24 00:00:00-05:00,93.0,97.5,91.0,91.5,3939,0.0,0.0
2024-01-25 00:00:00-05:00,92.30000305175781,96.0999984741211,92.0,94.4000015258789,1971,0.0,0.0
2024-01-26 00:00:00-05:00,97.0,97.0,91.0,91.19999694824219,5952,0.0,0.0
2024-01-29 00:00:00-05:00,93.19999694824219,94.0,90.0,92.80000305175781,4223,0.0,0.0
2024-01-30 00:00:00-05:00,91.19999694824219,94.0,90.5,91.0,3468,0.0,0.0
2024-01-31 00:00:00-05:00,91.0,92.9000015258789,84.5,85.69999694824219,12212,0.0,0.0
2024-02-01 00:00:00-05:00,87.19999694824219,88.19999694824219,84.0,84.19999694824219,2429,0.0,0.0
2024-02-02 00:00:00-05:00,86.69999694824219,130.0,83.19999694824219,90.80000305175781,82354,0.0,0.0
2024-02-05 00:00:00-05:00,94.0,94.0,78.0,83.0999984741211,24884,0.0,0.0
2024-02-06 00:00:00-05:00,82.0,85.80000305175781,81.0,83.0,9340,0.0,0.0
2024-02-07 00:00:00-05:00,83.4000015258789,83.4000015258789,77.0,78.0,7467,0.0,0.0
2024-02-08 00:00:00-05:00,78.0,82.0,78.0,79.5,4553,0.0,0.0
2024-02-09 00:00:00-05:00,76.19999694824219,85.80000305175781,75.0,81.5,9503,0.0,0.0
2024-02-12 00:00:00-05:00,79.4000015258789,88.69999694824219,79.4000015258789,84.0,7374,0.0,0.0
2024-02-13 00:00:00-05:00,82.0,85.5999984741211,78.5999984741211,80.9000015258789,6045,0.0,0.0
2024-02-14 00:00:00-05:00,81.9000015258789,83.30000305175781,78.69999694824219,83.30000305175781,3600,0.0,0.0
2024-02-15 00:00:00-05:00,85.0,87.0,82.0,86.5,6052,0.0,0.0
2024-02-16 00:00:00-05:00,85.0,87.9000015258789,83.0,84.5,2131,0.0,0.0
2024-02-20 00:00:00-05:00,85.0,85.9000015258789,81.4000015258789,82.0,2199,0.0,0.0
2024-02-21 00:00:00-05:00,83.69999694824219,83.69999694824219,80.0,81.0999984741211,2353,0.0,0.0
2024-02-22 00:00:00-05:00,80.0,82.69999694824219,79.0,80.0,5334,0.0,0.0
2024-02-23 00:00:00-05:00,80.0,81.0,76.0,80.0,5161,0.0,0.0
2024-02-26 00:00:00-05:00,79.0,84.9000015258789,78.0,84.19999694824219,3658,0.0,0.0
2024-02-27 00:00:00-05:00,84.0,89.0,83.0,88.5,3382,0.0,0.0
2024-02-28 00:00:00-05:00,86.0,88.4000015258789,85.30000305175781,88.0,1433,0.0,0.0
2024-02-29 00:00:00-05:00,88.0,96.9000015258789,85.5,96.5,6720,0.0,0.0
2024-03-01 00:00:00-05:00,96.5999984741211,97.0,88.4000015258789,90.19999694824219,4024,0.0,0.0
2024-03-04 00:00:00-05:00,90.0,91.0,85.30000305175781,87.30000305175781,2790,0.0,0.0
2024-03-05 00:00:00-05:00,86.0,94.9000015258789,86.0,92.80000305175781,5593,0.0,0.0
2024-03-06 00:00:00-05:00,93.0,98.5999984741211,91.0,94.0,5900,0.0,0.0
2024-03-07 00:00:00-05:00,94.0,100.0,91.0,98.0,6821,0.0,0.0
2024-03-08 00:00:00-05:00,98.0,99.0,87.0999984741211,90.9000015258789,11248,0.0,0.0
2024-03-11 00:00:00-04:00,73.9000015258789,81.0,73.0,76.0,23343,0.0,0.0
2024-03-12 00:00:00-04:00,78.9000015258789,80.0,60.29999923706055,61.900001525878906,14660,0.0,0.0
2024-03-13 00:00:00-04:00,70.9000015258789,70.9000015258789,62.0,63.0,14807,0.0,0.0
2024-03-14 00:00:00-04:00,63.5,65.0999984741211,60.0,61.099998474121094,7014,0.0,0.0
2024-03-15 00:00:00-04:00,61.0,63.0,56.0,62.29999923706055,12112,0.0,0.0
2024-03-18 00:00:00-04:00,62.0,64.0,57.5,57.5,9664,0.0,0.0
2024-03-19 00:00:00-04:00,59.0,59.5,52.20000076293945,52.20000076293945,17293,0.0,0.0
2024-03-20 00:00:00-04:00,54.0,62.0,52.5,61.5,9189,0.0,0.0
2024-03-21 00:00:00-04:00,61.0,62.0,58.5,59.20000076293945,1921,0.0,0.0
2024-03-22 00:00:00-04:00,60.0,60.0,56.20000076293945,58.70000076293945,2711,0.0,0.0
2024-03-25 00:00:00-04:00,59.599998474121094,66.0,59.5,64.80000305175781,5512,0.0,0.0
2024-03-26 00:00:00-04:00,64.0,64.80000305175781,62.0,63.5,1948,0.0,0.0
2024-03-27 00:00:00-04:00,63.0,70.0,62.0,69.0999984741211,11403,0.0,0.0
2024-03-28 00:00:00-04:00,69.4000015258789,74.19999694824219,67.0999984741211,72.4000015258789,6054,0.0,0.0
2024-04-01 00:00:00-04:00,71.0,71.0,63.20000076293945,65.4000015258789,4987,0.0,0.0
2024-04-02 00:00:00-04:00,65.0999984741211,67.0,62.20000076293945,64.5,3785,0.0,0.0
2024-04-03 00:00:00-04:00,66.5,66.5,62.5,63.0,1544,0.0,0.0
2024-04-04 00:00:00-04:00,63.0,75.0,62.29999923706055,70.5,10282,0.0,0.0
2024-04-05 00:00:00-04:00,71.0,74.4000015258789,67.0,71.9000015258789,4512,0.0,0.0
2024-04-08 00:00:00-04:00,73.0,74.0,70.0,72.19999694824219,2575,0.0,0.0
2024-04-09 00:00:00-04:00,73.0,73.0,67.9000015258789,67.9000015258789,3985,0.0,0.0
2024-04-10 00:00:00-04:00,67.0,68.9000015258789,63.599998474121094,65.0,2694,0.0,0.0
2024-04-11 00:00:00-04:00,69.5,72.0,66.0,71.4000015258789,7558,0.0,0.0
2024-04-12 00:00:00-04:00,74.4000015258789,74.4000015258789,69.5,71.19999694824219,4656,0.0,0.0
2024-04-15 00:00:00-04:00,70.0,71.69999694824219,66.0,70.0,2906,0.0,0.0
2024-04-16 00:00:00-04:00,23.0,33.900001525878906,18.0,25.0,231340,0.0,0.0
2024-04-17 00:00:00-04:00,24.700000762939453,27.899999618530273,22.899999618530273,24.299999237060547,58328,0.0,0.0
2024-04-18 00:00:00-04:00,23.200000762939453,24.899999618530273,21.5,23.600000381469727,25825,0.0,0.0
2024-04-19 00:00:00-04:00,24.5,24.5,22.299999237060547,23.299999237060547,14066,0.0,0.0
2024-04-22 00:00:00-04:00,23.399999618530273,23.899999618530273,19.799999237060547,20.100000381469727,25149,0.0,0.0
2024-04-23 00:00:00-04:00,20.200000762939453,22.799999237060547,20.200000762939453,20.600000381469727,14609,0.0,0.0
2024-04-24 00:00:00-04:00,20.299999237060547,21.200000762939453,19.299999237060547,20.700000762939453,10454,0.0,0.0
2024-04-25 00:00:00-04:00,20.0,22.0,19.100000381469727,20.799999237060547,18567,0.0,0.0
2024-04-26 00:00:00-04:00,19.5,19.899999618530273,18.0,19.899999618530273,27078,0.0,0.0
2024-04-29 00:00:00-04:00,19.600000381469727,20.0,19.0,20.0,6239,0.0,0.0
2024-04-30 00:00:00-04:00,20.299999237060547,21.0,20.0,20.299999237060547,5458,0.0,0.0
2024-05-01 00:00:00-04:00,21.0,22.0,20.5,21.0,7841,0.0,0.0
2024-05-02 00:00:00-04:00,22.0,22.299999237060547,21.100000381469727,21.600000381469727,6484,0.0,0.0
2024-05-03 00:00:00-04:00,22.0,22.399999618530273,21.0,21.899999618530273,6949,0.0,0.0
2024-05-06 00:00:00-04:00,23.0,27.600000381469727,22.0,23.0,31344,0.0,0.0
2024-05-07 00:00:00-04:00,23.299999237060547,24.5,22.5,23.600000381469727,7359,0.0,0.0
2024-05-08 00:00:00-04:00,24.0,33.0,23.600000381469727,30.0,42432,0.0,0.0
2024-05-09 00:00:00-04:00,33.599998474121094,40.70000076293945,30.899999618530273,31.399999618530273,67804,0.0,0.0
2024-05-10 00:00:00-04:00,32.70000076293945,33.599998474121094,28.0,29.100000381469727,20304,0.0,0.0
2024-05-13 00:00:00-04:00,18.600000381469727,20.0,15.199999809265137,18.5,127178,0.0,0.0
2024-05-14 00:00:00-04:00,18.0,20.299999237060547,17.100000381469727,19.0,48515,0.0,0.0
2024-05-15 00:00:00-04:00,18.299999237060547,19.0,16.600000381469727,19.0,56074,0.0,0.0
2024-05-16 00:00:00-04:00,18.200000762939453,18.899999618530273,17.100000381469727,17.799999237060547,29441,0.0,0.0
2024-05-17 00:00:00-04:00,18.600000381469727,60.0,17.0,45.0,735412,0.0,0.0
2024-05-20 00:00:00-04:00,40.5,41.0,26.100000381469727,31.0,250733,0.0,0.0
2024-05-21 00:00:00-04:00,28.799999237060547,79.9000015258789,26.0,54.0,2162412,0.0,0.0
2024-05-22 00:00:00-04:00,93.19999694824219,135.0,72.0999984741211,113.0,3099934,0.0,0.0
2024-05-23 00:00:00-04:00,69.19999694824219,85.80000305175781,54.70000076293945,79.0,598228,0.0,0.0
2024-05-24 00:00:00-04:00,66.5,75.4000015258789,55.099998474121094,58.0,209410,0.0,0.0
2024-05-28 00:00:00-04:00,54.0,73.0,51.0,63.20000076293945,237864,0.0,0.0
2024-05-29 00:00:00-04:00,64.0,78.0,60.099998474121094,73.0,224186,0.0,0.0
2024-05-30 00:00:00-04:00,65.69999694824219,77.0,62.599998474121094,76.69999694824219,104909,0.0,0.0
2024-05-31 00:00:00-04:00,72.0,81.30000305175781,45.0,45.0,187534,0.0,0.0
2024-06-03 00:00:00-04:00,54.900001525878906,54.900001525878906,41.400001525878906,43.0,150764,0.0,0.0
2024-06-04 00:00:00-04:00,41.400001525878906,46.29999923706055,38.599998474121094,41.599998474121094,98116,0.0,0.0
2024-06-05 00:00:00-04:00,35.5,36.900001525878906,25.299999237060547,33.0,496692,0.0,0.0
2024-06-06 00:00:00-04:00,32.400001525878906,39.5,30.299999237060547,32.5,342909,0.0,0.0
2024-06-07 00:00:00-04:00,24.799999237060547,25.700000762939453,16.899999618530273,17.299999237060547,657644,0.0,0.0
2024-06-10 00:00:00-04:00,18.700000762939453,18.799999237060547,12.0,13.399999618530273,797971,0.0,0.0
2024-06-11 00:00:00-04:00,12.0,12.100000381469727,9.300000190734863,9.399999618530273,371960,0.0,0.0
2024-06-12 00:00:00-04:00,7.050000190734863,8.90999984741211,6.28000020980835,6.989999771118164,2514400,0.0,0.01
2024-06-13 00:00:00-04:00,7.400000095367432,10.420000076293945,7.349999904632568,9.319999694824219,5347500,0.0,0.0
2024-06-14 00:00:00-04:00,8.880000114440918,9.788000106811523,8.119999885559082,8.649999618530273,1074000,0.0,0.0
2024-06-17 00:00:00-04:00,8.760000228881836,8.949999809265137,7.829999923706055,8.079999923706055,698700,0.0,0.0
2024-06-18 00:00:00-04:00,7.840000152587891,8.359999656677246,6.550000190734863,6.71999979019165,745500,0.0,0.0
2024-06-20 00:00:00-04:00,7.099999904632568,7.198999881744385,6.5,6.5,565600,0.0,0.0
2024-06-21 00:00:00-04:00,6.449999809265137,6.630000114440918,6.050000190734863,6.309999942779541,454200,0.0,0.0
2024-06-24 00:00:00-04:00,6.440000057220459,7.420000076293945,6.349999904632568,7.269999980926514,613800,0.0,0.0
2024-06-25 00:00:00-04:00,7.389999866485596,7.389999866485596,6.53000020980835,6.610000133514404,504100,0.0,0.0
2024-06-26 00:00:00-04:00,6.570000171661377,7.130000114440918,6.429999828338623,7.019999980926514,387700,0.0,0.0
2024-06-27 00:00:00-04:00,6.690000057220459,6.889999866485596,6.199999809265137,6.420000076293945,518900,0.0,0.0
2024-06-28 00:00:00-04:00,6.369999885559082,6.71999979019165,6.269999980926514,6.400000095367432,317600,0.0,0.0
2024-07-01 00:00:00-04:00,6.260000228881836,6.5,6.050000190734863,6.119999885559082,290500,0.0,0.0
2024-07-02 00:00:00-04:00,6.329999923706055,6.900000095367432,6.139999866485596,6.809999942779541,517100,0.0,0.0
2024-07-03 00:00:00-04:00,6.769999980926514,7.322000026702881,6.550000190734863,6.550000190734863,320300,0.0,0.0
2024-07-05 00:00:00-04:00,6.579999923706055,6.909999847412109,6.340000152587891,6.420000076293945,300600,0.0,0.0
2024-07-08 00:00:00-04:00,6.349999904632568,7.25,6.349999904632568,7.110000133514404,539000,0.0,0.0
2024-07-09 00:00:00-04:00,7.03000020980835,7.578999996185303,7.03000020980835,7.360000133514404,328500,0.0,0.0
2024-07-10 00:00:00-04:00,7.28000020980835,7.754000186920166,6.96999979019165,7.119999885559082,370100,0.0,0.0
2024-07-11 00:00:00-04:00,8.050000190734863,8.890000343322754,7.75,8.25,723800,0.0,0.0
2024-07-12 00:00:00-04:00,8.399999618530273,8.569999694824219,7.980000019073486,8.300000190734863,344400,0.0,0.0
2024-07-15 00:00:00-04:00,8.0600004196167,8.850000381469727,7.849999904632568,8.029999732971191,584900,0.0,0.0
2024-07-16 00:00:00-04:00,7.989999771118164,8.359999656677246,7.960000038146973,8.25,245100,0.0,0.0
2024-07-17 00:00:00-04:00,8.5600004196167,9.140000343322754,8.199999809265137,8.270000457763672,442200,0.0,0.0
2024-07-18 00:00:00-04:00,8.199999809265137,11.140000343322754,8.199999809265137,10.430000305175781,2591600,0.0,0.0
2024-07-19 00:00:00-04:00,10.399999618530273,10.399999618530273,9.199999809265137,10.0,488200,0.0,0.0
2024-07-22 00:00:00-04:00,9.979999542236328,10.34000015258789,9.40999984741211,9.770000457763672,543100,0.0,0.0
2024-07-23 00:00:00-04:00,9.5,10.109999656677246,9.300000190734863,10.069999694824219,350000,0.0,0.0
2024-07-24 00:00:00-04:00,10.170000076293945,10.770000457763672,9.470000267028809,9.539999961853027,415400,0.0,0.0
2024-07-25 00:00:00-04:00,9.5,10.25,9.5,9.970000267028809,238500,0.0,0.0
2024-07-26 00:00:00-04:00,10.0,10.449999809265137,9.5,10.050000190734863,235100,0.0,0.0
2024-07-29 00:00:00-04:00,9.970000267028809,10.25,9.520000457763672,9.800000190734863,184500,0.0,0.0
2024-07-30 00:00:00-04:00,9.869999885559082,10.5,9.800000190734863,10.3100004196167,210100,0.0,0.0
2024-07-31 00:00:00-04:00,10.569999694824219,10.739999771118164,10.210000038146973,10.640000343322754,203100,0.0,0.0
2024-08-01 00:00:00-04:00,10.760000228881836,11.510000228881836,10.579999923706055,11.300000190734863,349200,0.0,0.0
2024-08-02 00:00:00-04:00,10.960000038146973,11.086000442504883,9.789999961853027,10.59000015258789,393500,0.0,0.0
2024-08-05 00:00:00-04:00,9.600000381469727,10.329999923706055,9.585000038146973,10.279999732971191,369000,0.0,0.0
2024-08-06 00:00:00-04:00,10.239999771118164,10.600000381469727,10.100000381469727,10.5,203400,0.0,0.0
2024-08-07 00:00:00-04:00,10.789999961853027,11.656000137329102,10.550000190734863,10.59000015258789,670400,0.0,0.0
2024-08-08 00:00:00-04:00,11.470000267028809,11.470000267028809,10.25,10.699999809265137,313200,0.0,0.0
2024-08-09 00:00:00-04:00,10.670000076293945,11.170000076293945,10.619999885559082,10.970000267028809,102800,0.0,0.0
2024-08-12 00:00:00-04:00,11.15999984741211,11.15999984741211,10.454999923706055,10.789999961853027,152800,0.0,0.0
2024-08-13 00:00:00-04:00,10.729999542236328,11.6899995803833,10.70300006866455,11.0,298500,0.0,0.0
2024-08-14 00:00:00-04:00,11.149999618530273,11.479999542236328,10.859999656677246,10.90999984741211,238100,0.0,0.0
2024-08-15 00:00:00-04:00,11.319999694824219,11.350000381469727,10.8100004196167,10.920000076293945,291200,0.0,0.0
2024-08-16 00:00:00-04:00,10.829999923706055,11.25,10.800000190734863,11.130000114440918,158100,0.0,0.0
2024-08-19 00:00:00-04:00,11.199999809265137,12.149999618530273,11.109999656677246,12.0600004196167,200000,0.0,0.0
2024-08-20 00:00:00-04:00,12.010000228881836,12.229999542236328,11.359999656677246,11.529999732971191,159500,0.0,0.0
2024-08-21 00:00:00-04:00,11.699999809265137,12.70199966430664,11.699999809265137,12.239999771118164,329100,0.0,0.0
2024-08-22 00:00:00-04:00,12.25,12.366000175476074,12.039999961853027,12.270000457763672,102900,0.0,0.0
2024-08-23 00:00:00-04:00,12.449999809265137,13.21500015258789,12.119999885559082,13.050000190734863,362600,0.0,0.0
2024-08-26 00:00:00-04:00,13.529999732971191,14.390000343322754,13.350000381469727,13.84000015258789,376800,0.0,0.0
2024-08-27 00:00:00-04:00,13.649999618530273,13.720000267028809,12.699999809265137,13.210000038146973,253900,0.0,0.0
2024-08-28 00:00:00-04:00,13.109999656677246,13.460000038146973,12.930000305175781,13.010000228881836,165900,0.0,0.0
2024-08-29 00:00:00-04:00,13.100000381469727,13.380000114440918,12.899999618530273,13.0,134100,0.0,0.0
2024-08-30 00:00:00-04:00,13.039999961853027,13.260000228881836,12.880000114440918,13.0,119900,0.0,0.0
2024-09-03 00:00:00-04:00,12.819999694824219,12.819999694824219,11.90999984741211,12.25,387500,0.0,0.0
2024-09-04 00:00:00-04:00,12.25,12.774999618530273,12.020000457763672,12.460000038146973,134700,0.0,0.0
2024-09-05 00:00:00-04:00,12.270000457763672,12.699999809265137,12.270000457763672,12.350000381469727,111400,0.0,0.0
2024-09-06 00:00:00-04:00,12.350000381469727,12.739999771118164,11.510000228881836,11.90999984741211,298100,0.0,0.0
2024-09-09 00:00:00-04:00,11.960000038146973,12.819999694824219,10.579999923706055,10.8100004196167,383400,0.0,0.0
2024-09-10 00:00:00-04:00,10.710000038146973,10.744999885559082,9.600000381469727,10.260000228881836,358900,0.0,0.0
2024-09-11 00:00:00-04:00,10.25,10.970000267028809,10.25,10.5,278800,0.0,0.0
2024-09-12 00:00:00-04:00,10.449999809265137,11.449999809265137,10.449999809265137,11.170000076293945,161700,0.0,0.0
2024-09-13 00:00:00-04:00,11.420000076293945,12.130000114440918,11.210000038146973,11.479999542236328,198800,0.0,0.0
2024-09-16 00:00:00-04:00,11.5600004196167,11.979999542236328,11.079999923706055,11.210000038146973,196300,0.0,0.0
2024-09-17 00:00:00-04:00,11.329999923706055,11.789999961853027,11.109999656677246,11.380000114440918,158500,0.0,0.0
2024-09-18 00:00:00-04:00,11.520000457763672,11.579999923706055,11.180000305175781,11.279999732971191,340300,0.0,0.0
2024-09-19 00:00:00-04:00,11.710000038146973,11.710000038146973,11.050000190734863,11.3100004196167,383900,0.0,0.0
2024-09-20 00:00:00-04:00,10.699999809265137,10.880000114440918,9.380000114440918,9.789999961853027,1678100,0.0,0.0
2024-09-23 00:00:00-04:00,9.800000190734863,9.824999809265137,9.3100004196167,9.630000114440918,692100,0.0,0.0
2024-09-24 00:00:00-04:00,9.399999618530273,9.779999732971191,9.329999923706055,9.399999618530273,340200,0.0,0.0
2024-09-25 00:00:00-04:00,9.3100004196167,9.399999618530273,9.09000015258789,9.319999694824219,227500,0.0,0.0
2024-09-26 00:00:00-04:00,9.520000457763672,9.640000343322754,9.020000457763672,9.1899995803833,242900,0.0,0.0
2024-09-27 00:00:00-04:00,9.220000267028809,9.670000076293945,9.135000228881836,9.399999618530273,219500,0.0,0.0
2024-09-30 00:00:00-04:00,9.279999732971191,9.65999984741211,9.180000305175781,9.260000228881836,165900,0.0,0.0
2024-10-01 00:00:00-04:00,9.140000343322754,9.260000228881836,8.739999771118164,9.039999961853027,415700,0.0,0.0
2024-10-02 00:00:00-04:00,9.0,9.225000381469727,8.855999946594238,9.0,247000,0.0,0.0
2024-10-03 00:00:00-04:00,9.010000228881836,9.130000114440918,8.899999618530273,9.109999656677246,119800,0.0,0.0
2024-10-04 00:00:00-04:00,9.279999732971191,9.649999618530273,9.100000381469727,9.260000228881836,346600,0.0,0.0
2024-10-07 00:00:00-04:00,9.199999809265137,9.220000267028809,8.930000305175781,9.0,221300,0.0,0.0
2024-10-08 00:00:00-04:00,8.90999984741211,9.100000381469727,8.84000015258789,8.9399995803833,134000,0.0,0.0
2024-10-09 00:00:00-04:00,8.880000114440918,9.0,8.3100004196167,8.869999885559082,297500,0.0,0.0
2024-10-10 00:00:00-04:00,8.75,9.0649995803833,8.734999656677246,8.979999542236328,101900,0.0,0.0
2024-10-11 00:00:00-04:00,8.949999809265137,9.149999618530273,8.829999923706055,8.9399995803833,131600,0.0,0.0
2024-10-14 00:00:00-04:00,8.899999618530273,8.975000381469727,8.710000038146973,8.90999984741211,59000,0.0,0.0
2024-10-15 00:00:00-04:00,8.819999694824219,9.225000381469727,8.819999694824219,9.109999656677246,70800,0.0,0.0
2024-10-16 00:00:00-04:00,9.260000228881836,9.670000076293945,9.109999656677246,9.649999618530273,236600,0.0,0.0
2024-10-17 00:00:00-04:00,9.680000305175781,9.75,9.4399995803833,9.65999984741211,120200,0.0,0.0
2024-10-18 00:00:00-04:00,9.619999885559082,10.489999771118164,9.619999885559082,10.380000114440918,177500,0.0,0.0
2024-10-21 00:00:00-04:00,10.4399995803833,10.550000190734863,10.109999656677246,10.399999618530273,103800,0.0,0.0
2024-10-22 00:00:00-04:00,10.5600004196167,10.760000228881836,10.364999771118164,10.59000015258789,111200,0.0,0.0
2024-10-23 00:00:00-04:00,10.539999961853027,10.75,10.25,10.390000343322754,113800,0.0,0.0
2024-10-24 00:00:00-04:00,10.3100004196167,10.399999618530273,10.010000228881836,10.180000305175781,69000,0.0,0.0
2024-10-25 00:00:00-04:00,10.34000015258789,10.949999809265137,10.130000114440918,10.180000305175781,197600,0.0,0.0
2024-10-28 00:00:00-04:00,10.130000114440918,10.3149995803833,10.050000190734863,10.170000076293945,84300,0.0,0.0
2024-10-29 00:00:00-04:00,10.210000038146973,10.210000038146973,9.6899995803833,9.770000457763672,97400,0.0,0.0
2024-10-30 00:00:00-04:00,9.699999809265137,9.960000038146973,9.520000457763672,9.6899995803833,115300,0.0,0.0
2024-10-31 00:00:00-04:00,9.579999923706055,9.65999984741211,9.239999771118164,9.300000190734863,83200,0.0,0.0
2024-11-01 00:00:00-04:00,9.430000305175781,9.5,9.029999732971191,9.0600004196167,87100,0.0,0.0
2024-11-04 00:00:00-05:00,9.069999694824219,9.180000305175781,8.800000190734863,9.0,86500,0.0,0.0
2024-11-05 00:00:00-05:00,9.100000381469727,9.470000267028809,9.039999961853027,9.119999885559082,87100,0.0,0.0
2024-11-06 00:00:00-05:00,9.420000076293945,9.819000244140625,9.069999694824219,9.569999694824219,194400,0.0,0.0
2024-11-07 00:00:00-05:00,9.449999809265137,10.04800033569336,9.4399995803833,9.760000228881836,177300,0.0,0.0
2024-11-08 00:00:00-05:00,10.5,13.779999732971191,10.5,12.630000114440918,1016400,0.0,0.0
2024-11-11 00:00:00-05:00,12.630000114440918,13.199999809265137,11.100000381469727,11.170000076293945,498700,0.0,0.0
2024-11-12 00:00:00-05:00,11.5,11.5,10.329999923706055,10.329999923706055,487600,0.0,0.0
2024-11-13 00:00:00-05:00,10.300000190734863,10.520000457763672,9.819999694824219,9.819999694824219,457600,0.0,0.0
2024-11-14 00:00:00-05:00,9.890000343322754,10.279999732971191,9.720000267028809,10.140000343322754,390800,0.0,0.0
2024-11-15 00:00:00-05:00,10.210000038146973,10.210000038146973,9.449999809265137,9.770000457763672,272800,0.0,0.0
2024-11-18 00:00:00-05:00,9.960000038146973,10.10200023651123,9.59000015258789,9.949999809265137,468700,0.0,0.0
2024-11-19 00:00:00-05:00,10.149999618530273,10.359999656677246,9.739999771118164,10.15999984741211,583500,0.0,0.0
2024-11-20 00:00:00-05:00,10.199999809265137,10.295000076293945,9.640000343322754,9.75,411700,0.0,0.0
2024-11-21 00:00:00-05:00,9.65999984741211,10.020000457763672,9.40999984741211,9.90999984741211,314600,0.0,0.0
2024-11-22 00:00:00-05:00,10.039999961853027,10.649999618530273,10.0,10.34000015258789,672200,0.0,0.0
2024-11-25 00:00:00-05:00,10.539999961853027,11.140000343322754,10.289999961853027,10.380000114440918,652000,0.0,0.0
2024-11-26 00:00:00-05:00,10.319999694824219,10.609999656677246,10.149999618530273,10.550000190734863,192400,0.0,0.0
2024-11-27 00:00:00-05:00,10.819999694824219,11.880000114440918,10.819999694824219,11.0,584800,0.0,0.0
2024-11-29 00:00:00-05:00,11.0,11.40999984741211,10.9350004196167,10.9399995803833,144500,0.0,0.0
2024-12-02 00:00:00-05:00,10.869999885559082,11.319999694824219,10.65999984741211,10.739999771118164,329400,0.0,0.0
2024-12-03 00:00:00-05:00,10.8100004196167,11.579999923706055,10.494999885559082,11.239999771118164,487000,0.0,0.0
2024-12-04 00:00:00-05:00,11.649999618530273,11.6899995803833,10.9399995803833,11.0,406600,0.0,0.0
2024-12-05 00:00:00-05:00,10.800000190734863,11.690999984741211,10.677000045776367,11.229999542236328,357600,0.0,0.0
2024-12-06 00:00:00-05:00,11.319999694824219,11.529999732971191,10.5,10.5,648200,0.0,0.0
2024-12-09 00:00:00-05:00,10.649999618530273,12.579999923706055,10.630000114440918,11.510000228881836,1361200,0.0,0.0
2024-12-10 00:00:00-05:00,11.380000114440918,12.739999771118164,11.199999809265137,11.949999809265137,491500,0.0,0.0
2024-12-11 00:00:00-05:00,12.0,13.350000381469727,11.399999618530273,13.010000228881836,513000,0.0,0.0
2024-12-12 00:00:00-05:00,12.279999732971191,12.390000343322754,11.135000228881836,11.510000228881836,722700,0.0,0.0
2024-12-13 00:00:00-05:00,11.760000228881836,13.399999618530273,11.630000114440918,13.279999732971191,530400,0.0,0.0
2024-12-16 00:00:00-05:00,13.270000457763672,14.404999732971191,11.40999984741211,11.920000076293945,1243600,0.0,0.0
2024-12-17 00:00:00-05:00,12.010000228881836,12.270000457763672,11.180000305175781,11.65999984741211,837200,0.0,0.0
2024-12-18 00:00:00-05:00,11.399999618530273,12.680000305175781,11.21500015258789,11.350000381469727,585100,0.0,0.0
2024-12-19 00:00:00-05:00,11.609999656677246,11.609999656677246,10.880000114440918,11.109999656677246,436300,0.0,0.0
2024-12-20 00:00:00-05:00,10.300000190734863,11.0,9.9399995803833,9.9399995803833,1550500,0.0,0.0
2024-12-23 00:00:00-05:00,10.0,10.319999694824219,9.621000289916992,9.920000076293945,550100,0.0,0.0
2024-12-24 00:00:00-05:00,9.899999618530273,10.369999885559082,9.859999656677246,10.0600004196167,555100,0.0,0.0
2024-12-26 00:00:00-05:00,10.15999984741211,10.829999923706055,10.081000328063965,10.40999984741211,1801800,0.0,0.0
2024-12-27 00:00:00-05:00,10.489999771118164,10.770000457763672,9.979999542236328,10.289999961853027,635600,0.0,0.0
2024-12-30 00:00:00-05:00,10.199999809265137,10.289999961853027,9.75,9.880000114440918,378100,0.0,0.0
2024-12-31 00:00:00-05:00,9.899999618530273,10.319999694824219,9.75,10.039999961853027,556800,0.0,0.0
2025-01-02 00:00:00-05:00,10.270000457763672,10.289999961853027,9.869999885559082,10.15999984741211,422200,0.0,0.0
2025-01-03 00:00:00-05:00,10.229999542236328,10.545000076293945,9.960000038146973,10.220000267028809,949300,0.0,0.0
2025-01-06 00:00:00-05:00,10.300000190734863,10.859999656677246,10.25,10.489999771118164,915800,0.0,0.0
2025-01-07 00:00:00-05:00,10.59000015258789,10.739999771118164,10.0,10.229999542236328,639700,0.0,0.0
2025-01-08 00:00:00-05:00,10.15999984741211,10.170000076293945,9.350000381469727,9.819999694824219,877800,0.0,0.0
2025-01-10 00:00:00-05:00,9.710000038146973,10.0600004196167,9.699999809265137,9.9399995803833,560500,0.0,0.0
2025-01-13 00:00:00-05:00,10.100000381469727,12.1899995803833,10.100000381469727,11.430000305175781,1126800,0.0,0.0
2025-01-14 00:00:00-05:00,11.569999694824219,11.569999694824219,10.550000190734863,10.579999923706055,504800,0.0,0.0
2025-01-15 00:00:00-05:00,10.899999618530273,11.130000114440918,10.651000022888184,10.890000343322754,449400,0.0,0.0
2025-01-16 00:00:00-05:00,10.899999618530273,11.8100004196167,10.829999923706055,11.140000343322754,618600,0.0,0.0
2025-01-17 00:00:00-05:00,11.170000076293945,11.420000076293945,11.130000114440918,11.15999984741211,266800,0.0,0.0
2025-01-21 00:00:00-05:00,11.180000305175781,11.180000305175781,10.970000267028809,10.970000267028809,255600,0.0,0.0
2025-01-22 00:00:00-05:00,10.899999618530273,11.210000038146973,10.710000038146973,10.970000267028809,235200,0.0,0.0
2025-01-23 00:00:00-05:00,11.0,11.255000114440918,10.78499984741211,11.020000457763672,408900,0.0,0.0
2025-01-24 00:00:00-05:00,11.100000381469727,11.470000267028809,10.949999809265137,11.289999961853027,293900,0.0,0.0
2025-01-27 00:00:00-05:00,11.319999694824219,11.489999771118164,10.789999961853027,10.989999771118164,301700,0.0,0.0
2025-01-28 00:00:00-05:00,10.920000076293945,11.199999809265137,10.600000381469727,11.119999885559082,303800,0.0,0.0
2025-01-29 00:00:00-05:00,11.1899995803833,11.34000015258789,10.960000038146973,11.180000305175781,152000,0.0,0.0
2025-01-30 00:00:00-05:00,11.239999771118164,11.680000305175781,11.0,11.199999809265137,338700,0.0,0.0
2025-01-31 00:00:00-05:00,11.1899995803833,11.21500015258789,10.880000114440918,11.1899995803833,252800,0.0,0.0
2025-02-03 00:00:00-05:00,10.930000305175781,11.1899995803833,10.803999900817871,11.170000076293945,347800,0.0,0.0
2025-02-04 00:00:00-05:00,11.069999694824219,11.239999771118164,10.899999618530273,11.170000076293945,458200,0.0,0.0
2025-02-05 00:00:00-05:00,11.210000038146973,11.25,10.949999809265137,11.0600004196167,189200,0.0,0.0
2025-02-06 00:00:00-05:00,11.15999984741211,11.15999984741211,10.859999656677246,11.100000381469727,253800,0.0,0.0
2025-02-07 00:00:00-05:00,11.149999618530273,11.149999618530273,10.8100004196167,10.819999694824219,318800,0.0,0.0
2025-02-10 00:00:00-05:00,10.930000305175781,10.96399974822998,10.550000190734863,10.760000228881836,244600,0.0,0.0
2025-02-11 00:00:00-05:00,10.75,11.399999618530273,10.550000190734863,10.989999771118164,295500,0.0,0.0
2025-02-12 00:00:00-05:00,10.880000114440918,11.279999732971191,10.829999923706055,11.220000267028809,276600,0.0,0.0
2025-02-13 00:00:00-05:00,11.289999961853027,11.300000190734863,10.899999618530273,10.920000076293945,273000,0.0,0.0
2025-02-14 00:00:00-05:00,11.0,11.15999984741211,10.699999809265137,11.09000015258789,253300,0.0,0.0
2025-02-18 00:00:00-05:00,11.149999618530273,11.25,10.914999961853027,11.119999885559082,490100,0.0,0.0
2025-02-19 00:00:00-05:00,11.0,11.0649995803833,10.699999809265137,10.789999961853027,274600,0.0,0.0
2025-02-20 00:00:00-05:00,10.800000190734863,10.869999885559082,10.449999809265137,10.600000381469727,269700,0.0,0.0
2025-02-21 00:00:00-05:00,10.600000381469727,10.699999809265137,10.125,10.199999809265137,306300,0.0,0.0
2025-02-24 00:00:00-05:00,10.260000228881836,10.312000274658203,9.90999984741211,10.050000190734863,280500,0.0,0.0
2025-02-25 00:00:00-05:00,9.970000267028809,10.15999984741211,9.619999885559082,9.619999885559082,392400,0.0,0.0
2025-02-26 00:00:00-05:00,9.640000343322754,10.020000457763672,9.59000015258789,9.989999771118164,340200,0.0,0.0
2025-02-27 00:00:00-05:00,9.960000038146973,9.986000061035156,9.600000381469727,9.670000076293945,390800,0.0,0.0
2025-02-28 00:00:00-05:00,9.579999923706055,9.84000015258789,9.5,9.760000228881836,224100,0.0,0.0
2025-03-03 00:00:00-05:00,9.75,9.75,8.989999771118164,9.100000381469727,591400,0.0,0.0
2025-03-04 00:00:00-05:00,8.979999542236328,9.210000038146973,8.5649995803833,9.050000190734863,412100,0.0,0.0
2025-03-05 00:00:00-05:00,9.100000381469727,9.199999809265137,8.829999923706055,9.039999961853027,299000,0.0,0.0
2025-03-06 00:00:00-05:00,8.899999618530273,9.0600004196167,8.75,9.029999732971191,229400,0.0,0.0
2025-03-07 00:00:00-05:00,9.0600004196167,9.569999694824219,8.979999542236328,9.539999961853027,286400,0.0,0.0
2025-03-10 00:00:00-04:00,9.470000267028809,9.5,8.59000015258789,8.619999885559082,487400,0.0,0.0
2025-03-11 00:00:00-04:00,9.0,9.739999771118164,8.640000343322754,8.739999771118164,941400,0.0,0.0
2025-03-12 00:00:00-04:00,8.800000190734863,8.980999946594238,8.15999984741211,8.569999694824219,576100,0.0,0.0
2025-03-13 00:00:00-04:00,8.470000267028809,8.84000015258789,8.34000015258789,8.729999542236328,581900,0.0,0.0
2025-03-14 00:00:00-04:00,8.880000114440918,10.029999732971191,8.699999809265137,9.899999618530273,657100,0.0,0.0
2025-03-17 00:00:00-04:00,9.989999771118164,10.164999961853027,9.6899995803833,9.729999542236328,382400,0.0,0.0
2025-03-18 00:00:00-04:00,9.520000457763672,9.829999923706055,9.510000228881836,9.699999809265137,202200,0.0,0.0
2025-03-19 00:00:00-04:00,9.710000038146973,10.0600004196167,9.600000381469727,9.930000305175781,380000,0.0,0.0
2025-03-20 00:00:00-04:00,9.789999961853027,10.199999809265137,9.600000381469727,9.680000305175781,376900,0.0,0.0
2025-03-21 00:00:00-04:00,9.59000015258789,10.109999656677246,9.550000190734863,9.84000015258789,406100,0.0,0.0
2025-03-24 00:00:00-04:00,10.029999732971191,10.75,9.930000305175781,10.640000343322754,451300,0.0,0.0
2025-03-25 00:00:00-04:00,10.630000114440918,10.739999771118164,10.289999961853027,10.34000015258789,398700,0.0,0.0
2025-03-26 00:00:00-04:00,10.359999656677246,10.489999771118164,10.111000061035156,10.329999923706055,252100,0.0,0.0
2025-03-27 00:00:00-04:00,10.239999771118164,10.675000190734863,10.199999809265137,10.5,177700,0.0,0.0
2025-03-28 00:00:00-04:00,10.399999618530273,10.399999618530273,9.930000305175781,10.100000381469727,360200,0.0,0.0
2025-03-31 00:00:00-04:00,10.0,10.539999961853027,9.90999984741211,10.5,290500,0.0,0.0
2025-04-01 00:00:00-04:00,10.489999771118164,10.869999885559082,10.279999732971191,10.369999885559082,294900,0.0,0.0
2025-04-02 00:00:00-04:00,10.220000267028809,10.850000381469727,10.220000267028809,10.710000038146973,258100,0.0,0.0
2025-04-03 00:00:00-04:00,9.979999542236328,10.1850004196167,9.369999885559082,9.399999618530273,496200,0.0,0.0
2025-04-04 00:00:00-04:00,9.079999923706055,9.15999984741211,8.399999618530273,8.75,373900,0.0,0.0
2025-04-07 00:00:00-04:00,8.319999694824219,8.800000190734863,7.900000095367432,8.34000015258789,448000,0.0,0.0
2025-04-08 00:00:00-04:00,8.800000190734863,8.9399995803833,8.1899995803833,8.319999694824219,496800,0.0,0.0
2025-04-09 00:00:00-04:00,8.239999771118164,9.430000305175781,8.239999771118164,9.15999984741211,376900,0.0,0.0
2025-04-10 00:00:00-04:00,8.989999771118164,9.069999694824219,8.4399995803833,8.6899995803833,306200,0.0,0.0
2025-04-11 00:00:00-04:00,8.579999923706055,9.029999732971191,8.380000114440918,8.829999923706055,294200,0.0,0.0
2025-04-14 00:00:00-04:00,9.100000381469727,9.420000076293945,8.9350004196167,9.140000343322754,324800,0.0,0.0
2025-04-15 00:00:00-04:00,9.09000015258789,9.574999809265137,9.020000457763672,9.359999656677246,264800,0.0,0.0
2025-04-16 00:00:00-04:00,9.319999694824219,9.569999694824219,9.109999656677246,9.229999542236328,246900,0.0,0.0
2025-04-17 00:00:00-04:00,9.350000381469727,9.539999961853027,9.300000190734863,9.329999923706055,203900,0.0,0.0
2025-04-21 00:00:00-04:00,9.1899995803833,9.3100004196167,9.100000381469727,9.140000343322754,217400,0.0,0.0
2025-04-22 00:00:00-04:00,9.3100004196167,9.640000343322754,9.180999755859375,9.569999694824219,185500,0.0,0.0
2025-04-23 00:00:00-04:00,9.800000190734863,10.34000015258789,9.800000190734863,10.170000076293945,313300,0.0,0.0
2025-04-24 00:00:00-04:00,9.90999984741211,10.539999961853027,9.90999984741211,10.5,161500,0.0,0.0
2025-04-25 00:00:00-04:00,10.359999656677246,10.600000381469727,10.359999656677246,10.4399995803833,252700,0.0,0.0
2025-04-28 00:00:00-04:00,10.369999885559082,10.520000457763672,10.25,10.369999885559082,212000,0.0,0.0
2025-04-29 00:00:00-04:00,10.399999618530273,10.600000381469727,10.229999542236328,10.600000381469727,268300,0.0,0.0
2025-04-30 00:00:00-04:00,10.329999923706055,10.75,10.074999809265137,10.529999732971191,349000,0.0,0.0
2025-05-01 00:00:00-04:00,10.5600004196167,10.75,10.399999618530273,10.40999984741211,189900,0.0,0.0
2025-05-02 00:00:00-04:00,10.539999961853027,10.680000305175781,10.3100004196167,10.359999656677246,186200,0.0,0.0
2025-05-05 00:00:00-04:00,10.239999771118164,10.449999809265137,10.194000244140625,10.300000190734863,114000,0.0,0.0
2025-05-06 00:00:00-04:00,10.239999771118164,10.399999618530273,10.130000114440918,10.260000228881836,241000,0.0,0.0
2025-05-07 00:00:00-04:00,10.319999694824219,10.510000228881836,10.239999771118164,10.3100004196167,174800,0.0,0.0
2025-05-08 00:00:00-04:00,10.40999984741211,10.600000381469727,10.390000343322754,10.489999771118164,251400,0.0,0.0
2025-05-09 00:00:00-04:00,10.579999923706055,10.649999618530273,10.430000305175781,10.529999732971191,114200,0.0,0.0
2025-05-12 00:00:00-04:00,10.899999618530273,11.100000381469727,10.579999923706055,10.75,743600,0.0,0.0
2025-05-13 00:00:00-04:00,10.829999923706055,11.180000305175781,10.664999961853027,10.8100004196167,719300,0.0,0.0
2025-05-14 00:00:00-04:00,10.710000038146973,11.350000381469727,10.550000190734863,11.300000190734863,649000,0.0,0.0
2025-05-15 00:00:00-04:00,11.119999885559082,11.399999618530273,10.880000114440918,10.899999618530273,428300,0.0,0.0
2025-05-16 00:00:00-04:00,10.890000343322754,11.069999694824219,10.85099983215332,10.960000038146973,202000,0.0,0.0
2025-05-19 00:00:00-04:00,10.84000015258789,11.029999732971191,10.729999542236328,10.949999809265137,156300,0.0,0.0
2025-05-20 00:00:00-04:00,10.890000343322754,11.25,10.824999809265137,11.0,358500,0.0,0.0
2025-05-21 00:00:00-04:00,10.949999809265137,11.024999618530273,10.489999771118164,10.5,167500,0.0,0.0
2025-05-22 00:00:00-04:00,10.329999923706055,10.770000457763672,10.329999923706055,10.619999885559082,198300,0.0,0.0
2025-05-23 00:00:00-04:00,10.40999984741211,10.670000076293945,10.40999984741211,10.550000190734863,211300,0.0,0.0
2025-05-27 00:00:00-04:00,10.720000267028809,11.220000267028809,10.71500015258789,11.050000190734863,378600,0.0,0.0
2025-05-28 00:00:00-04:00,11.1899995803833,11.960000038146973,11.100000381469727,11.6899995803833,1175400,0.0,0.0
2025-05-29 00:00:00-04:00,11.899999618530273,12.109999656677246,11.651000022888184,11.979999542236328,434000,0.0,0.0
2025-05-30 00:00:00-04:00,11.949999809265137,12.15999984741211,11.6899995803833,12.029999732971191,410900,0.0,0.0
2025-06-02 00:00:00-04:00,12.140000343322754,12.1850004196167,11.84000015258789,11.949999809265137,269100,0.0,0.0
2025-06-03 00:00:00-04:00,11.949999809265137,12.100000381469727,11.890000343322754,12.050000190734863,262800,0.0,0.0
2025-06-04 00:00:00-04:00,12.039999961853027,12.147000312805176,11.59000015258789,11.819999694824219,227400,0.0,0.0
2025-06-05 00:00:00-04:00,11.90999984741211,12.020000457763672,11.680000305175781,11.779999732971191,247500,0.0,0.0
2025-06-06 00:00:00-04:00,11.899999618530273,11.930000305175781,11.734999656677246,11.789999961853027,208300,0.0,0.0
2025-06-09 00:00:00-04:00,11.880000114440918,12.0600004196167,11.710000038146973,11.880000114440918,291300,0.0,0.0
2025-06-10 00:00:00-04:00,12.020000457763672,12.020000457763672,11.6899995803833,11.850000381469727,177500,0.0,0.0
2025-06-11 00:00:00-04:00,11.899999618530273,11.960000038146973,11.53499984741211,11.630000114440918,238300,0.0,0.0
2025-06-12 00:00:00-04:00,11.510000228881836,11.529999732971191,11.03499984741211,11.130000114440918,297800,0.0,0.0
2025-06-13 00:00:00-04:00,10.890000343322754,11.149999618530273,10.829999923706055,10.90999984741211,228000,0.0,0.0
2025-06-16 00:00:00-04:00,10.979999542236328,11.520000457763672,10.850000381469727,11.5,330100,0.0,0.0
2025-06-17 00:00:00-04:00,11.380000114440918,11.789999961853027,11.305000305175781,11.319999694824219,250900,0.0,0.0
2025-06-18 00:00:00-04:00,11.34000015258789,11.37399959564209,11.0,11.010000228881836,207900,0.0,0.0
2025-06-20 00:00:00-04:00,11.010000228881836,11.385000228881836,11.0,11.100000381469727,466700,0.0,0.0
2025-06-23 00:00:00-04:00,11.149999618530273,11.664999961853027,10.739999771118164,11.59000015258789,597500,0.0,0.0
2025-06-24 00:00:00-04:00,11.59000015258789,12.210000038146973,11.550000190734863,12.180000305175781,539700,0.0,0.0
2025-06-25 00:00:00-04:00,12.109999656677246,12.180000305175781,11.53499984741211,11.760000228881836,274100,0.0,0.0
2025-06-26 00:00:00-04:00,11.770000457763672,11.944999694824219,11.739999771118164,11.770000457763672,229400,0.0,0.0
2025-06-27 00:00:00-04:00,11.779999732971191,11.979999542236328,11.579999923706055,11.770000457763672,2512400,0.0,0.0
2025-06-30 00:00:00-04:00,11.760000228881836,11.779999732971191,11.319999694824219,11.770000457763672,489000,0.0,0.0
2025-07-01 00:00:00-04:00,11.59000015258789,12.050000190734863,11.520000457763672,11.6899995803833,361600,0.0,0.0
2025-07-02 00:00:00-04:00,11.789999961853027,11.789999961853027,11.4399995803833,11.479999542236328,271800,0.0,0.0
2025-07-03 00:00:00-04:00,11.569999694824219,11.619999885559082,11.180000305175781,11.359999656677246,150400,0.0,0.0
2025-07-07 00:00:00-04:00,11.319999694824219,11.420000076293945,10.994999885559082,11.319999694824219,409100,0.0,0.0
